libId,BAD_CYCLES,MEAN_READ_LENGTH,PCT_ADAPTER,PCT_CHIMERAS,PCT_PF_READS,PCT_PF_READS_ALIGNED,PCT_READS_ALIGNED_IN_PAIRS,PF_ALIGNED_BASES,PF_HQ_ALIGNED_BASES,PF_HQ_ALIGNED_Q20_BASES,PF_HQ_ALIGNED_READS,PF_HQ_ERROR_RATE,PF_HQ_MEDIAN_MISMATCHES,PF_INDEL_RATE,PF_MISMATCH_RATE,PF_NOISE_READS,PF_READS,PF_READS_ALIGNED,READS_ALIGNED_IN_PAIRS,STRAND_BALANCE,TOTAL_READS,CODING_BASES,CORRECT_STRAND_READS,IGNORED_READS,INCORRECT_STRAND_READS,INTERGENIC_BASES,INTRONIC_BASES,MEDIAN_3PRIME_BIAS,MEDIAN_5PRIME_BIAS,MEDIAN_5PRIME_TO_3PRIME_BIAS,MEDIAN_CV_COVERAGE,PCT_CODING_BASES,PCT_CORRECT_STRAND_READS,PCT_INTERGENIC_BASES,PCT_INTRONIC_BASES,PCT_MRNA_BASES,PCT_RIBOSOMAL_BASES,PCT_USABLE_BASES,PCT_UTR_BASES,PF_ALIGNED_BASES,PF_BASES,RIBOSOMAL_BASES,UTR_BASES,fastq_total_reads,reads_aligned_sam,aligned,reads_with_mult_align,algn_seg_with_mult_algn,no_feature,ambiguous,too_low_aQual,not_aligned,alignment_not_unique,PERCENT_DUPLICATION,READ_PAIRS_EXAMINED,READ_PAIR_DUPLICATES,READ_PAIR_OPTICAL_DUPLICATES,UNMAPPED_READS,UNPAIRED_READS_EXAMINED,UNPAIRED_READ_DUPLICATES,mapped_reads_w_dups
lib12357_C95GDANXX,0,55.624106,0,0,1,1,0,873729224,781120041,765843618,14043398,0.004313,0,0.00004,0.004381,0,15708004,15708004,0,0.484834,15708004,381891365,37817,0,9050476,36185737,85676486,0.854375,0.220075,0.298748,0.608083,0.437082,0.004161,0.041415,0.098058,0.855576,0.00495,0.855562,0.418494,873729224,873743677,4325182,365650512,16452834,15708007,95.5%,1664607,10.6%,1560065,244750,0,0,6914129,0.668759,0,0,0,0,15708004,10504874,0.954729
lib12358_C95GDANXX,0,55.62115,0,0,1,1,0,348653075,294974150,289032271,5303782,0.004118,0,0.000035,0.004157,0,6268438,6268438,0,0.453145,6268438,138473365,16873,0,3432793,24653449,41772469,0.83586,0.162693,0.223592,0.647287,0.397167,0.004891,0.070711,0.119811,0.803612,0.005866,0.803601,0.406446,348653075,348657729,2045321,141708492,6963065,6268441,90.0%,964657,15.4%,680968,100985,0,0,4821177,0.565426,0,0,0,0,6268438,3544339,0.900241
lib12359_C95GDANXX,0,55.60363,0,0,1,1,0,573357074,520189538,509067561,9355361,0.003968,0,0.000039,0.004075,0,10311667,10311667,0,0.48624,10311667,251659688,26589,0,5903334,21334208,50963380,0.900859,0.173273,0.220192,0.624424,0.438923,0.004484,0.037209,0.088886,0.86462,0.009285,0.864607,0.425697,573357074,573366114,5323404,244076469,12054734,10311670,85.5%,956307,9.3%,980188,153703,0,0,3616972,0.638802,0,0,0,0,10311667,6587109,0.855404
lib12360_C95GDANXX,0,55.62007,0,0,1,1,0,799296869,690745600,676999149,12420121,0.004063,0,0.000037,0.004118,0,14370865,14370865,0,0.455368,14370865,325477651,42310,0,7705234,56956328,93341469,0.875601,0.182306,0.246761,0.642892,0.407205,0.005461,0.071258,0.116779,0.801808,0.010155,0.801796,0.394603,799296869,799308512,8116728,315404784,15659095,14370868,91.8%,1950745,13.6%,1616298,220993,0,0,9936740,0.668957,0,0,0,0,14370865,9613490,0.917733
lib12361_C95GDANXX,0,55.627535,0,0,1,1,0,545424814,478809638,469400163,8607989,0.003732,0,0.000053,0.003841,0,9805130,9805130,0,0.458713,9805130,184548025,23574,0,5448096,29589628,48188646,1.127966,0.073487,0.080857,0.828044,0.338356,0.004308,0.054251,0.088351,0.847275,0.010124,0.847259,0.508918,545424814,545435217,5521830,277576777,10608504,9805133,92.4%,1197142,12.2%,911163,156318,0,0,5281130,0.731078,0,0,0,0,9805130,7168311,0.924271
lib12362_C95GDANXX,0,55.622256,0,0,1,1,0,159032253,134166487,131513336,2412286,0.004217,0,0.000026,0.004273,0,2859180,2859180,0,0.439278,2859180,60787752,10026,0,1521953,12071850,19898226,0.87967,0.1601,0.2032,0.736387,0.382235,0.006544,0.075908,0.125121,0.784386,0.014586,0.784377,0.40215,159032253,159034043,2319578,63954860,4293367,2859183,66.6%,446895,15.6%,325634,44988,0,0,2249694,0.605498,0,0,0,0,2859180,1731227,0.665953
lib12363_C95GDANXX,0,55.61256,0,0,1,1,0,9932873,8313598,8142445,149486,0.003727,0,0.000023,0.003756,0,178611,178611,0,0.436737,178611,3294516,738,0,88255,906510,1688910,0.771494,0.156512,0.272464,1.064894,0.331678,0.008293,0.091264,0.170032,0.726052,0.012653,0.726042,0.394374,9932873,9933015,125683,3917266,1121335,178614,15.9%,29126,16.3%,28413,2355,0,0,156247,0.253389,0,0,0,0,178611,45258,0.159284
lib12364_C95GDANXX,0,55.619082,0,0,1,1,0,125397629,100346284,98253843,1804465,0.003663,0,0.00005,0.003673,0,2254639,2254639,0,0.414943,2254639,43926702,7886,0,1119243,15252882,15789948,0.867258,0.172932,0.231971,0.688037,0.350299,0.006997,0.121636,0.125919,0.742749,0.009697,0.742729,0.392449,125397629,125400952,1215956,49212215,3012322,2254642,74.8%,450175,20.0%,227062,30684,0,0,2743264,0.587772,0,0,0,0,2254639,1325213,0.748472
lib12365_C95GDANXX,0,55.630865,0,0,1,1,0,791905282,699061644,685481064,12566638,0.004351,0,0.000055,0.004457,0,14235248,14235248,0,0.438846,14235248,323038268,57116,0,8351090,34420999,68606464,0.931871,0.128953,0.164697,0.678798,0.407925,0.006793,0.043466,0.086635,0.856818,0.013082,0.856803,0.448892,791905282,791919157,10359597,355480122,15514038,14235251,91.8%,1668611,11.7%,1304014,215201,0,0,6578343,0.736191,0,0,0,0,14235248,10479855,0.917572
lib12366_C95GDANXX,0,55.620278,0,0,1,1,0,415821728,356586966,349620720,6411668,0.004126,0,0.000026,0.004174,0,7476181,7476181,0,0.442955,7476181,165298626,26333,0,4130910,29198109,46355589,0.945415,0.168935,0.201636,0.662494,0.397523,0.006334,0.070218,0.111479,0.806524,0.011779,0.806513,0.409001,415821728,415827269,4897810,170071653,8737456,7476184,85.6%,1064514,14.2%,783726,129343,0,0,5252144,0.622846,0,0,0,0,7476181,4656508,0.855647
lib12367_C95GDANXX,0,55.606089,0,0,1,1,0,917060792,813868594,797585142,14636880,0.00386,0,0.000026,0.003942,0,16492328,16492328,0,0.467336,16492328,417475540,49845,0,9226549,46153407,98354639,0.881525,0.208492,0.283728,0.579426,0.455232,0.005373,0.050328,0.10725,0.833662,0.008761,0.83365,0.37843,917060792,917073862,8034428,347042897,17755711,16492331,92.9%,1855449,11.3%,1774833,298038,0,0,8122007,0.644546,0,0,0,0,16492328,10630069,0.928846
lib12368_C95GDANXX,0,55.61264,0,0,1,1,0,788883095,717461858,703151493,12901322,0.003829,0,0.000029,0.003907,0,14185527,14185527,0,0.476293,14185527,336569858,43782,0,7727219,39414944,91638920,0.867182,0.1951,0.273497,0.593202,0.426641,0.005634,0.049963,0.116163,0.823304,0.01057,0.823292,0.396663,788883095,788894602,8338624,312920881,15026328,14185530,94.4%,1284206,9.1%,1841946,201158,0,0,5444880,0.654691,0,0,0,0,14185527,9287130,0.944045
lib12369_C95GDANXX,0,55.615646,0,0,1,1,0,205160374,174544555,171082294,3138767,0.004021,0,0.000024,0.004042,0,3688957,3688957,0,0.434808,3688957,82285966,14983,0,1887721,17915357,29585908,0.881283,0.206189,0.251263,0.650194,0.401081,0.007875,0.087324,0.144209,0.756986,0.011481,0.756974,0.355905,205160374,205163726,2355540,73017620,4487482,3688960,82.2%,550191,14.9%,512797,52332,0,0,2965548,0.500152,0,0,0,0,3688957,1845041,0.822055
lib12370_C95GDANXX,0,55.619082,0,0,1,1,0,748368787,645561930,632746981,11607804,0.003833,0,0.000033,0.003891,0,13455499,13455499,0,0.444318,13455499,300599096,49068,0,7241528,51297388,81299027,0.972075,0.166172,0.206921,0.675958,0.401672,0.00673,0.068546,0.108635,0.804732,0.018088,0.804717,0.40306,748368787,748382504,13536280,301637166,14834307,13455502,90.7%,1847696,13.7%,1472553,191640,0,0,8707274,0.694332,0,0,0,0,13455499,9342590,0.907053
lib12371_C95GDANXX,0,55.613615,0,0,1,1,0,590166793,506009797,495579652,9099438,0.00349,0,0.000051,0.003561,0,10612324,10612324,0,0.455115,10612324,239642031,38799,0,5903747,39002858,58721818,0.886345,0.158737,0.211813,0.625518,0.406058,0.006529,0.066088,0.0995,0.824507,0.009905,0.824475,0.418449,590166793,590189699,5845874,246954680,11346661,10612327,93.5%,1512887,14.3%,997262,175370,0,0,7190577,0.613056,0,0,0,0,10612324,6505951,0.935282
lib12372_C95GDANXX,0,55.612439,0,0,1,1,0,379794695,283710940,277557616,5103048,0.003586,0,0.000056,0.003527,0,6829545,6829545,0,0.402448,6829545,132196105,16852,0,3306117,57684149,43302499,0.901905,0.121952,0.162619,0.627831,0.348073,0.005071,0.151882,0.114016,0.72482,0.009282,0.724796,0.376748,379794695,379807658,3525336,143086830,7493876,6829548,91.1%,1726498,25.3%,493563,91201,0,0,10956307,0.691695,0,0,0,0,6829545,4723961,0.911350
lib12373_C95GDANXX,0,55.619655,0,0,1,1,0,500854429,413897896,405585403,7442422,0.003991,0,0.000029,0.004025,0,9005138,9005138,0,0.4046,9005138,207120464,46106,0,5017366,38526074,47463887,0.980889,0.145469,0.166015,0.701327,0.413534,0.009106,0.076921,0.094766,0.806786,0.021528,0.806772,0.393251,500854429,500862671,10782502,196961631,9733344,9005141,92.5%,1562717,17.4%,722901,147194,0,0,7565998,0.636644,0,0,0,0,9005138,5733071,0.925184
lib12374_C95GDANXX,0,55.626893,0,0,1,1,0,582325569,501459761,491605499,9015293,0.004108,0,0.00004,0.004174,0,10468584,10468584,0,0.473721,10468584,258066149,24363,0,6173159,28609305,37660546,0.918202,0.137939,0.186801,0.668159,0.443165,0.003931,0.049129,0.064673,0.877993,0.008205,0.877979,0.434828,582325569,582334800,4777885,253211740,11020303,10468587,95.0%,1453292,13.9%,599715,179308,0,0,6372003,0.670625,0,0,0,0,10468584,7020489,0.949936
lib12375_C95GDANXX,0,55.618541,0,0,1,1,0,1042862885,901236741,883472871,16204801,0.004094,0,0.000044,0.004173,0,18750619,18750619,0,0.475352,18750619,451691967,50007,0,11155821,45776245,62002128,0.991047,0.115217,0.1473,0.701948,0.433127,0.004463,0.043895,0.059454,0.88675,0.009902,0.886733,0.453623,1042862885,1042882067,10326251,473066438,19818215,18750622,94.6%,2545819,13.6%,1003552,326063,0,0,10498570,0.746108,0,0,0,0,18750619,13989984,0.946131
lib12376_C95GDANXX,0,55.625994,0,0,1,1,0,632713316,546842994,536054621,9831409,0.003878,0,0.000036,0.00393,0,11374593,11374593,0,0.464847,11374593,285671025,27709,0,6679598,32275115,48069094,0.88318,0.143377,0.206182,0.644268,0.451502,0.004131,0.051011,0.075973,0.864023,0.008994,0.86401,0.412521,632713316,632723046,5690432,261007732,11935957,11374596,95.3%,1543185,13.6%,776366,183534,0,0,6946920,0.65919,0,0,0,0,11374593,7498015,0.952969
lib12377_C95GDANXX,0,55.617632,0,0,1,1,0,542400274,484949408,475388805,8719643,0.003764,0,0.000037,0.003877,0,9752459,9752459,0,0.467927,9752459,233166574,33200,0,5575191,21479377,44615983,0.918045,0.130101,0.185188,0.659625,0.429879,0.00592,0.039601,0.082257,0.863456,0.014687,0.863443,0.433577,542400274,542408678,7966093,235172364,10452501,9752462,93.3%,1032817,10.6%,831182,156425,0,0,4085759,0.656579,0,0,0,0,9752459,6403257,0.933026
lib12378_C95GDANXX,0,55.624976,0,0,1,1,0,649251697,573460600,562228529,10309651,0.003913,0,0.000031,0.004031,0,11672117,11672117,0,0.461356,11672117,294296241,35611,0,6740467,27068376,62051290,0.84205,0.191149,0.252525,0.626728,0.453285,0.005255,0.041692,0.095574,0.852739,0.009996,0.852726,0.399453,649251697,649261223,6490119,259345726,12319491,11672120,94.7%,1362467,11.7%,1106151,195155,0,0,5442355,0.614617,0,0,0,0,11672117,7173883,0.947451
lib12379_C95GDANXX,0,55.627473,0,0,1,1,0,481023098,407303320,399259573,7322594,0.003562,0,0.000053,0.003673,0,8647538,8647538,0,0.451126,8647538,194397075,30233,0,4941607,29891237,39047838,0.989633,0.120368,0.133945,0.651004,0.404133,0.006081,0.062141,0.081177,0.845599,0.011085,0.845568,0.441466,481023098,481040690,5331924,212355414,9109951,8647541,94.9%,1324945,15.3%,615771,148801,0,0,6149807,0.62837,0,0,0,0,8647538,5433856,0.949241
lib12380_C95GDANXX,0,55.659805,0,0,1,1,0,48212503,34828192,34219261,625919,0.003211,0,0.000061,0.003213,0,866226,866226,0,0.370271,866226,11483861,3401,0,375590,8233956,5959291,1.441281,0.019474,0.017804,1.107335,0.238193,0.008974,0.170785,0.123605,0.681353,0.02426,0.681333,0.443161,48212503,48213970,1169626,21365892,1194584,866229,72.5%,240308,27.7%,68911,10430,0,0,1522774,0.599695,0,0,0,0,866226,519471,0.725128
lib12381_C95GDANXX,0,55.638003,0,0,1,1,0,131513967,109593212,107687299,1970021,0.003406,0,0.000029,0.003457,0,2363770,2363770,0,0.430015,2363770,43967331,7553,0,1037624,14540327,26857287,0.882267,0.180259,0.240278,0.698789,0.334317,0.007227,0.110561,0.204216,0.677,0.008223,0.676992,0.342683,131513967,131515442,1081459,45067571,4330159,2363773,54.6%,393750,16.7%,451329,29799,0,0,2384689,0.563026,0,0,0,0,2363770,1330865,0.545885
lib12382_C95GDANXX,0,55.640079,0,0,1,1,0,231313513,203656304,200153461,3660559,0.003587,0,0.000034,0.003679,0,4157375,4157375,0,0.465032,4157375,92693153,12134,0,2130741,15685364,31414331,0.908165,0.196791,0.263276,0.637179,0.400725,0.005662,0.06781,0.135808,0.787557,0.008825,0.787546,0.386831,231313513,231316674,2041349,89479336,5118141,4157378,81.2%,496817,12.0%,561005,54518,0,0,2582016,0.585498,0,0,0,0,4157375,2434134,0.812282
lib12383_C95GDANXX,0,55.619047,0,0,1,1,0,508746220,458768099,449524466,8248709,0.003024,0,0.000042,0.003151,0,9147156,9147156,0,0.480258,9147156,205468908,23559,0,5114813,20749173,52907061,0.953739,0.157811,0.219164,0.639155,0.403873,0.004585,0.040785,0.103995,0.842903,0.012318,0.842886,0.43903,508746220,508756100,6266535,223354629,9901295,9147159,92.4%,898448,9.8%,991945,132096,0,0,3598792,0.614083,0,0,0,0,9147156,5617113,0.923834
lib12384_C95GDANXX,0,55.64324,0,0,1,1,0,648895272,587668995,577537564,10561742,0.003026,0,0.000041,0.00314,0,11661937,11661937,0,0.485184,11661937,260186354,27279,0,6293452,25618562,78150848,0.903881,0.175313,0.226961,0.63799,0.400968,0.004316,0.03948,0.120437,0.830108,0.009975,0.830092,0.42914,648895272,648907955,6472713,278466906,12143045,11661940,96.0%,1100196,9.4%,1471736,159471,0,0,4414443,0.656742,0,0,0,0,11661937,7658888,0.960380
lib12385_C95GDANXX,0,55.629973,0,0,1,1,0,664745242,526506425,517215041,9466015,0.003104,0,0.000066,0.003081,0,11949787,11949787,0,0.440294,11949787,140594363,33189,0,5310804,83491374,89410401,2.392146,0.021706,0.00981,1.323297,0.211501,0.006211,0.125599,0.134503,0.722866,0.017032,0.722843,0.511364,664745242,664766331,11322182,339927070,13093902,11949790,91.3%,2483773,20.8%,1309717,157772,0,0,14318434,0.780713,0,0,0,0,11949787,9329357,0.912622
lib12386_C95GDANXX,0,55.634449,0,0,1,1,0,448286809,383461414,376796545,6893034,0.003078,0,0.000049,0.003163,0,8057880,8057880,0,0.455905,8057880,156050626,19288,0,4376932,26275354,31137737,1.347941,0.058192,0.051503,0.9066,0.348104,0.004387,0.058613,0.069459,0.856363,0.015565,0.856346,0.508258,448286809,448295711,6977589,227845575,8643957,8057883,93.2%,1164847,14.5%,467456,139272,0,0,5342589,0.730782,0,0,0,0,8057880,5888553,0.932198
lib12387_C95GDANXX,0,55.640259,0,0,1,1,0,548552734,489883038,481291061,8804918,0.003016,0,0.000068,0.003134,0,9859390,9859390,0,0.456469,9859390,216482974,24755,0,5649923,19910796,29993393,1.075772,0.087656,0.098381,0.718633,0.394644,0.004362,0.036297,0.054677,0.899239,0.009787,0.899196,0.504595,548552734,548579009,5368942,276797052,10351573,9859393,95.2%,1054473,10.7%,541510,214321,0,0,4051209,0.69708,0,0,0,0,9859390,6872785,0.952453
lib12388_C95GDANXX,0,55.632146,0,0,1,1,0,472608944,424657472,417066011,7633804,0.002983,0,0.000057,0.003077,0,8495570,8495570,0,0.478875,8495570,206323431,17744,0,4876256,17970177,39705645,0.880546,0.089557,0.117055,0.572148,0.436563,0.003626,0.038023,0.084014,0.870313,0.00765,0.87028,0.43375,472608944,472626793,3615687,204994292,8847791,8495573,96.0%,861767,10.1%,727252,169311,0,0,3486243,0.635599,0,0,0,0,8495570,5399777,0.960191
lib12389_C95GDANXX,0,55.645381,0,0,1,1,0,715725552,631140642,620566261,11342936,0.003776,0,0.000036,0.003878,0,12862465,12862465,0,0.457913,12862465,313829840,49907,0,7122905,36922183,78330315,0.895211,0.19986,0.277828,0.597457,0.438478,0.006958,0.051587,0.109442,0.827821,0.01115,0.827808,0.389343,715725552,715736770,7980566,278662767,13488528,12862468,95.4%,1519530,11.8%,1370005,204767,0,0,6744846,0.648076,0,0,0,0,12862465,8335855,0.953586
lib12390_C95GDANXX,0,55.643712,0,0,1,1,0,496390771,446477544,439026320,8024097,0.00363,0,0.000031,0.00373,0,8921001,8921001,0,0.468739,8921001,215880665,23152,0,4775845,22511507,62954408,0.860863,0.175303,0.248328,0.621287,0.434901,0.004824,0.04535,0.126824,0.821188,0.006638,0.821176,0.386287,496390771,496397612,3294884,191749355,9400755,8921004,94.9%,896905,10.1%,1155832,134158,0,0,3845024,0.595819,0,0,0,0,8921001,5315302,0.948966
lib12391_C95GDANXX,0,55.640394,0,0,1,1,0,1178533090,1044973982,1027338099,18781708,0.003666,0,0.00004,0.003763,0,21181654,21181654,0,0.465497,21181654,492242809,54285,0,11646792,61354473,108599596,0.976285,0.120568,0.156862,0.645068,0.417674,0.004639,0.05206,0.092148,0.848149,0.007643,0.848132,0.430475,1178533090,1178555581,9007889,507328446,22274918,21181657,95.1%,2399947,11.3%,1959053,363663,0,0,10720260,0.726056,0,0,0,0,21181654,15379072,0.950920
lib12392_C95GDANXX,0,55.637246,0,0,1,1,0,692063278,626535170,615848202,11261333,0.003412,0,0.000032,0.003524,0,12439027,12439027,0,0.468734,12439027,282965331,44867,0,6464634,33321547,114210383,0.916352,0.200527,0.267319,0.596688,0.408872,0.006893,0.048148,0.165029,0.777918,0.008906,0.777906,0.369045,692063278,692073206,6163286,255402814,13252365,12439030,93.9%,1177695,9.5%,2150982,197090,0,0,4894029,0.570189,0,0,0,0,12439027,7092600,0.938627
lib12393_C95GDANXX,0,55.641316,0,0,1,1,0,590280597,519279223,510549614,9333360,0.003498,0,0.000036,0.003568,0,10608828,10608828,0,0.467912,10608828,267035729,22208,0,6113556,29424189,51281399,0.850205,0.187503,0.270805,0.602006,0.452388,0.003619,0.049848,0.086876,0.85498,0.008296,0.854967,0.402592,590280597,590289147,4897183,237642155,11079597,10608831,95.8%,1275469,12.0%,869626,181267,0,0,5882988,0.65666,0,0,0,0,10608828,6966390,0.957510
lib12394_C95GDANXX,0,55.642825,0,0,1,1,0,600807888,494053648,485589521,8880066,0.00322,0,0.000052,0.003258,0,10797814,10797814,0,0.445314,10797814,200806822,28233,0,5817407,49112390,41124174,1.413668,0.055678,0.046006,0.930675,0.334228,0.00483,0.081744,0.068448,0.833477,0.016331,0.833459,0.499249,600807888,600820871,9811997,299952628,11552570,10797817,93.5%,1917749,17.8%,531847,175425,0,0,9770824,0.758565,0,0,0,0,10797814,8190842,0.934668
lib12395_C95GDANXX,0,55.639673,0,0,1,1,0,545184282,476609594,468204293,8566662,0.002987,0,0.00006,0.003119,0,9798869,9798869,0,0.481546,9798869,222212491,28998,0,5774280,23974385,37948929,1.036626,0.111043,0.129098,0.650801,0.407592,0.004997,0.043975,0.069608,0.87802,0.008399,0.877985,0.470428,545184282,545205866,4578873,256469959,10234852,9798872,95.7%,1232208,12.6%,654745,200256,0,0,5031758,0.627248,0,0,0,0,9798869,6146323,0.957402
lib12396_C95GDANXX,0,55.622703,0,0,1,1,0,540817102,478666126,469708280,8606137,0.002877,0,0.000051,0.002986,0,9723283,9723283,0,0.468862,9723283,232630072,32030,0,5670322,24261880,46801699,0.900835,0.176999,0.239742,0.55855,0.430146,0.005617,0.044862,0.086539,0.860193,0.008407,0.860164,0.430048,540817102,540835280,4546720,232577102,10158340,9723286,95.7%,1117147,11.5%,835793,152945,0,0,4674081,0.602933,0,0,0,0,9723283,5862487,0.957172
lib12397_C95GDANXX,0,55.629311,0,0,1,1,0,603516250,534418488,524982745,9607344,0.003313,0,0.000036,0.003414,0,10849060,10849060,0,0.470638,10849060,261851764,29665,0,6461035,22947203,44046127,0.898993,0.168049,0.223765,0.658745,0.433877,0.00457,0.038023,0.072983,0.877074,0.011921,0.87706,0.443197,603516250,603525730,7194649,267476622,11505267,10849063,94.3%,1241717,11.4%,778348,174666,0,0,4838022,0.668805,0,0,0,0,10849060,7255910,0.942965
lib12398_C95GDANXX,0,55.646759,0,0,1,1,0,543229868,457580627,449755478,8223684,0.003284,0,0.000044,0.003355,0,9762294,9762294,0,0.468466,9762294,208916224,21215,0,5497743,30620437,33392141,1.131995,0.097243,0.104379,0.807075,0.384582,0.003844,0.056367,0.06147,0.86269,0.019473,0.862674,0.478109,543229868,543240018,10578286,259722935,10275676,9762297,95.0%,1538611,15.8%,466164,164151,0,0,6898190,0.716468,0,0,0,0,9762294,6994367,0.950039
lib12399_C95GDANXX,0,55.642188,0,0,1,1,0,647883028,543190177,533786350,9763024,0.002959,0,0.00006,0.003001,0,11644022,11644022,0,0.475394,11644022,204935410,21877,0,5771695,50184213,46817694,1.64956,0.035214,0.022698,1.060269,0.316315,0.003776,0.077459,0.072263,0.835198,0.01508,0.835178,0.518883,647883028,647898867,9770368,336175492,12344494,11644025,94.3%,1880999,16.2%,649824,176247,0,0,9444148,0.803306,0,0,0,0,11644022,9353710,0.943256
lib12400_C95GDANXX,0,55.653723,0,0,1,1,0,1019601689,915021493,899597193,16441915,0.002991,0,0.000041,0.00307,0,18320818,18320818,0,0.46987,18320818,407506564,48298,0,9823258,45433970,110152552,0.904797,0.129268,0.19073,0.664101,0.399672,0.004893,0.044561,0.108035,0.830682,0.016722,0.830666,0.43101,1019601689,1019621738,17050255,439458583,19487015,18320821,94.0%,1878904,10.3%,2040260,261394,0,0,7791403,0.743262,0,0,0,0,18320818,13617160,0.940155
lib12401_C95GDANXX,0,55.711705,0,0,1,1,0,93802363,67513585,66402477,1211519,0.002235,0,0.000022,0.002214,0,1683728,1683728,0,0.06625,1683728,59051465,29705,0,1049388,5185951,6447904,0.971846,0.029162,0.097372,1.144109,0.629531,0.027528,0.055286,0.068739,0.738661,0.137316,0.738653,0.10913,93802363,93803358,12880545,10236679,2417124,1683731,69.7%,472210,28.0%,53008,15907,0,0,1522818,0.913746,0,0,0,0,1683728,1538500,0.696583
lib12402_C95GDANXX,0,55.638384,0,0,1,1,0,558834496,501495604,492913872,9013783,0.003025,0,0.000035,0.003114,0,10044213,10044213,0,0.468776,10044213,245448896,25247,0,5527236,24282742,52451275,0.862121,0.191216,0.26267,0.620012,0.439216,0.004547,0.043452,0.093858,0.846468,0.016222,0.846454,0.407252,558834496,558843784,9065346,227586385,10614572,10044216,94.6%,1030431,10.3%,960135,156454,0,0,4284227,0.635672,0,0,0,0,10044213,6384824,0.946266
lib12403_C95GDANXX,0,55.635347,0,0,1,1,0,246103410,214834799,210978255,3861823,0.003225,0,0.000054,0.003358,0,4423674,4423674,0,0.453948,4423674,94417830,12850,0,2476101,11980947,27142071,0.990002,0.140649,0.172388,0.675445,0.383651,0.005163,0.048683,0.110287,0.824068,0.016963,0.824037,0.440417,246103410,246112636,4174690,108388197,4743282,4423677,93.3%,561852,12.7%,464816,82872,0,0,2421373,0.583559,0,0,0,0,4423674,2581475,0.932619
lib12404_C95GDANXX,0,55.635877,0,0,1,1,0,241184370,193629534,190161021,3480964,0.002933,0,0.000043,0.002928,0,4335173,4335173,0,0.408301,4335173,82167128,15443,0,1996926,29614592,42823523,0.843962,0.198089,0.252985,0.624266,0.340682,0.007674,0.122788,0.177555,0.683374,0.016284,0.683355,0.342692,241184370,241191153,3927431,82651982,4867393,4335176,89.1%,854210,19.7%,673331,56375,0,0,5138624,0.586791,0,0,0,0,4335173,2543842,0.890656
lib12405_C95GDANXX,0,55.635363,0,0,1,1,0,565735346,495966473,487349491,8915115,0.003626,0,0.000033,0.003727,0,10168773,10168773,0,0.446956,10168773,235887030,38645,0,5740293,32239754,51583170,0.981865,0.153135,0.182275,0.653652,0.416957,0.006687,0.056987,0.091179,0.835172,0.016662,0.835161,0.418216,565735346,565743379,9426003,236599532,10867934,10168776,93.6%,1253659,12.3%,905789,172581,0,0,5675866,0.610554,0,0,0,0,10168773,6208588,0.935668
lib12406_C95GDANXX,0,55.633375,0,0,1,1,0,538193308,486824621,478336023,8750734,0.003776,0,0.000039,0.003893,0,9674085,9674085,0,0.487817,9674085,229989977,23208,0,5253149,22234244,65919188,0.893968,0.179143,0.24819,0.59666,0.427337,0.004398,0.041313,0.122482,0.826366,0.009839,0.826352,0.399029,538193308,538201995,5295408,214754558,10210499,9674088,94.7%,923352,9.5%,1204219,147141,0,0,3835342,0.606047,0,0,0,0,9674085,5862953,0.947464
lib12407_C95GDANXX,0,55.622259,0,0,1,1,0,596288520,504859457,494642840,9077517,0.003514,0,0.000047,0.003599,0,10720535,10720535,0,0.460368,10720535,220484948,25735,0,5794647,41683187,64178482,1.004892,0.125012,0.140975,0.697521,0.369762,0.004422,0.069904,0.10763,0.80926,0.013206,0.809244,0.439498,596288520,596300376,7874325,262067706,12034004,10720538,89.1%,1643019,15.3%,1048208,167848,0,0,8117432,0.655645,0,0,0,0,10720535,7028861,0.890854
lib12408_C95GDANXX,0,55.63813,0,0,1,1,0,596369176,515494350,506529188,9265773,0.003859,0,0.000032,0.003949,0,10718869,10718869,0,0.439568,10718869,239946741,41249,0,6008950,37776681,57777073,1.049307,0.12894,0.142252,0.708728,0.402346,0.006818,0.063344,0.096881,0.820348,0.019427,0.820336,0.418002,596369176,596377829,11585470,249283334,11776305,10718872,91.0%,1453097,13.6%,975618,193478,0,0,6840096,0.651554,0,0,0,0,10718869,6983925,0.910206
lib12409_C95GDANXX,0,55.643457,0,0,1,1,0,218200623,183019904,179864211,3289535,0.003687,0,0.000029,0.003732,0,3921455,3921455,0,0.417772,3921455,81648746,19178,0,2066145,19210489,26162612,0.979462,0.155694,0.181583,0.732904,0.374191,0.009197,0.08804,0.119902,0.773468,0.01859,0.773458,0.399277,218200623,218203313,4056416,87122428,4765684,3921458,82.3%,631921,16.1%,448404,61851,0,0,3255823,0.547866,0,0,0,0,3921455,2148433,0.822853
lib12410_C95GDANXX,0,55.630841,0,0,1,1,0,711322486,631989332,620923954,11361007,0.003671,0,0.000036,0.003814,0,12786716,12786716,0,0.472529,12786716,313594089,25522,0,7071627,27612470,67772579,0.888829,0.158023,0.216586,0.631768,0.440861,0.003596,0.038818,0.095277,0.853585,0.01232,0.853569,0.412724,711322486,711335759,8763547,293579903,13469955,12786719,94.9%,1425710,11.1%,1158702,269370,0,0,5939602,0.687407,0,0,0,0,12786716,8789682,0.949277
lib12411_C95GDANXX,0,55.634846,0,0,1,1,0,503892748,450437458,442331138,8096763,0.003188,0,0.000053,0.00331,0,9057477,9057477,0,0.476169,9057477,205093798,22933,0,4953288,21838525,63166717,0.86111,0.157584,0.198514,0.58921,0.407019,0.004609,0.04334,0.125357,0.821973,0.00933,0.821943,0.414955,503892748,503911339,4701462,209092624,9503887,9057480,95.3%,960715,10.6%,1119956,148814,0,0,4114608,0.588501,0,0,0,0,9057477,5330336,0.953029
lib12412_C95GDANXX,0,55.632205,0,0,1,1,0,470945078,418591641,411129787,7524609,0.003278,0,0.000047,0.003401,0,8465582,8465582,0,0.45554,8465582,198404700,32053,0,4698605,21445142,50612836,0.942278,0.171808,0.213778,0.585732,0.421291,0.006776,0.045536,0.107471,0.83798,0.009014,0.837955,0.416689,470945078,470958995,4245013,196237674,8980235,8465585,94.3%,940974,11.1%,900007,163452,0,0,3945030,0.553812,0,0,0,0,8465582,4688339,0.942690
lib12413_C95GDANXX,0,55.636121,0,0,1,1,0,778171174,679115792,667414251,12207160,0.00391,0,0.000038,0.004026,0,13987024,13987024,0,0.453708,13987024,324338454,49424,0,7939399,37753843,75924232,0.935174,0.160188,0.214817,0.645578,0.416796,0.006187,0.048516,0.097568,0.841286,0.012631,0.841272,0.42449,778171174,778183766,9829062,330325757,14898544,13987027,93.9%,1779865,12.7%,1334160,286829,0,0,7411095,0.675084,0,0,0,0,13987024,9442412,0.938818
lib12414_C95GDANXX,0,55.635538,0,0,1,1,0,565876842,495121982,486610327,8899715,0.003757,0,0.000044,0.003908,0,10171376,10171376,0,0.44596,10171376,241185406,34654,0,5895671,23815370,32135392,1.098155,0.092117,0.108073,0.763097,0.426215,0.005844,0.042086,0.056789,0.886188,0.014938,0.886167,0.459972,565876842,565889975,8453088,260287702,10978638,10171379,92.6%,1271662,12.5%,510155,219648,0,0,5121548,0.693949,0,0,0,0,10171376,7058416,0.926470
lib12415_C95GDANXX,0,55.630618,0,0,1,1,0,409075511,361199144,354842331,6493208,0.003583,0,0.000036,0.003717,0,7353561,7353561,0,0.458613,7353561,160212753,22288,0,4043037,18479433,41055946,1.013621,0.121743,0.151297,0.693002,0.391646,0.005482,0.045174,0.100363,0.836083,0.018381,0.836067,0.444437,409075511,409083143,7519292,181808201,7829344,7353564,93.9%,860354,11.7%,732466,138784,0,0,3539410,0.607305,0,0,0,0,7353561,4465854,0.939231
lib12416_C95GDANXX,0,55.642249,0,0,1,1,0,863333908,749011158,735930040,13462101,0.003615,0,0.000034,0.003731,0,15516034,15516034,0,0.426891,15516034,346296650,62825,0,8649077,53154740,74748748,0.992853,0.155945,0.188461,0.698288,0.401116,0.007211,0.061569,0.086582,0.8273,0.02455,0.827288,0.426185,863333908,863347034,21194435,367939634,16661792,15516037,93.1%,2053934,13.2%,1354748,233739,0,0,9203638,0.721374,0,0,0,0,15516034,11192862,0.931234
lib12417_C95GDANXX,0,55.572762,0,0,1,1,0,720597,605813,593288,10897,0.003306,0,0.000054,0.003848,0,12967,12967,0,0.434333,12967,208136,59,0,5714,117611,132899,0.762386,0.171082,0.251436,1.032504,0.288838,0.01022,0.163213,0.184429,0.642313,0.010044,0.6423,0.353475,720597,720612,7238,254713,260347,12970,5.0%,2071,16.0%,3130,155,0,0,11689,0.105036,0,0,0,0,12967,1362,0.049807
lib12418_C95GDANXX,0,55.62217,0,0,1,1,0,612814439,540958159,531448781,9726087,0.003401,0,0.00004,0.003509,0,11017639,11017639,0,0.458081,11017639,262230059,26134,0,6495103,26181956,43522232,0.885506,0.189925,0.244432,0.647549,0.427911,0.004008,0.042724,0.07102,0.873418,0.012838,0.873403,0.445507,612814439,612824989,7867175,273013140,11473013,11017642,96.0%,1291553,11.7%,762513,166927,0,0,5448291,0.695317,0,0,0,0,11017639,7660751,0.960309
lib12419_C95GDANXX,0,55.63184,0,0,1,1,0,438127959,381887110,374849620,6865161,0.003175,0,0.000046,0.003267,0,7875735,7875735,0,0.431725,7875735,173132895,41245,0,4072048,34683624,55976580,0.906255,0.183658,0.239002,0.583376,0.395165,0.010027,0.079163,0.127763,0.776705,0.01637,0.77668,0.381539,438127959,438141630,7172367,167163086,8719451,7875738,90.3%,1010575,12.8%,1057915,111055,0,0,5050951,0.606521,0,0,0,0,7875735,4776800,0.903237
lib12420_C95GDANXX,0,55.61034,0,0,1,1,0,507566137,445579403,436849352,8013059,0.003123,0,0.000069,0.003273,0,9127595,9127595,0,0.475851,9127595,197243550,25760,0,5100349,24536633,46057605,0.959277,0.14804,0.18639,0.669456,0.388607,0.005025,0.048342,0.090742,0.847127,0.013791,0.847089,0.45852,507566137,507588664,6999689,232729336,9637687,9127598,94.7%,1114537,12.2%,796446,159831,0,0,4692769,0.616025,0,0,0,0,9127595,5622826,0.947073
lib12421_C95GDANXX,0,55.633926,0,0,1,1,0,633736318,556833363,547113393,10009398,0.004071,0,0.000048,0.004214,0,11391420,11391420,0,0.473394,11391420,244026635,25787,0,6440641,29195032,46985193,1.087058,0.109661,0.117291,0.753916,0.38506,0.003988,0.046068,0.07414,0.866503,0.013289,0.866485,0.481443,633736318,633749412,8421790,305107802,12051622,11391423,94.5%,1382023,12.1%,812646,214253,0,0,5785339,0.698394,0,0,0,0,11391420,7955699,0.945219
lib12422_C95GDANXX,0,55.637478,0,0,1,1,0,562912877,502122771,493355400,9025275,0.003535,0,0.000049,0.003657,0,10117703,10117703,0,0.486663,10117703,234272007,17199,0,5874279,19455732,38940056,0.939996,0.127314,0.167511,0.686163,0.416178,0.002919,0.034563,0.069176,0.884888,0.011374,0.884871,0.46871,562912877,562923476,6402362,263842842,10540587,10117706,96.0%,1092429,10.8%,687081,167403,0,0,4229597,0.694692,0,0,0,0,10117703,7028690,0.959880
lib12423_C95GDANXX,0,55.634732,0,0,1,1,0,1749463940,1518054810,1491526509,27287371,0.003544,0,0.000038,0.00366,0,31446053,31446053,0,0.445556,31446053,798652996,101794,0,18166800,81999896,113590121,0.925997,0.13095,0.171407,0.641523,0.456513,0.005572,0.046871,0.064929,0.87134,0.01686,0.871326,0.414827,1749463940,1749492731,29495947,725725461,33468044,31446056,94.0%,4158683,13.2%,1799291,581682,0,0,17663012,0.784199,0,0,0,0,31446053,24659948,0.939584
lib12424_C95GDANXX,0,55.639259,0,0,1,1,0,609354295,546960719,537471923,9830731,0.003551,0,0.000046,0.003654,0,10952058,10952058,0,0.468135,10952058,262290696,23375,0,6356300,22595797,50311357,0.879408,0.150235,0.234972,0.618211,0.43044,0.003664,0.037082,0.082565,0.871079,0.009275,0.871064,0.440638,609354295,609364397,5651641,268504864,11467677,10952061,95.5%,1121328,10.2%,931278,146860,0,0,4458499,0.683611,0,0,0,0,10952058,7486949,0.955037
lib12425_C95GDANXX,0,55.638108,0,0,1,1,0,580839299,517400127,508450584,9299721,0.003755,0,0.00004,0.003863,0,10439764,10439764,0,0.467429,10439764,237313153,25617,0,5851242,25383394,57318499,0.953748,0.146935,0.187724,0.634109,0.408569,0.004359,0.043701,0.098682,0.842541,0.015076,0.842527,0.433971,580839299,580848722,8756790,252067581,10978345,10439767,95.1%,1140044,10.9%,1036684,166415,0,0,4792472,0.647652,0,0,0,0,10439764,6761332,0.950942
lib12426_C95GDANXX,0,55.636945,0,0,1,1,0,277404112,226722414,222852485,4075628,0.004064,0,0.000027,0.004077,0,4986021,4986021,0,0.405118,4986021,105080442,23215,0,2542008,27357117,32473271,0.957652,0.155499,0.177611,0.711949,0.378799,0.00905,0.098618,0.117061,0.763351,0.02097,0.763343,0.384552,277404112,277406976,5817098,106676255,6561234,4986024,76.0%,910394,18.3%,504240,77493,0,0,4969857,0.634338,0,0,0,0,4986021,3162825,0.759921
lib12427_C95GDANXX,0,55.652619,0,0,1,1,0,84358089,45719649,44925510,821877,0.004144,0,0.000074,0.003917,0,1515834,1515834,0,0.262509,1515834,16113211,6099,0,463759,26777190,17181850,1.124984,0.084856,0.080958,0.908055,0.19101,0.012981,0.317423,0.203678,0.455401,0.0235,0.45539,0.264391,84358089,84360132,1982408,22303554,2072742,1515837,73.1%,693958,45.8%,156233,14205,0,0,4953960,0.647001,0,0,0,0,1515834,980746,0.731318
lib12428_C95GDANXX,0,55.641556,0,0,1,1,0,46792323,30030491,29498912,539930,0.003979,0,0.000056,0.0038,0,840977,840977,0,0.325569,840977,10447488,2901,0,302311,11586910,9196873,1.055571,0.086957,0.086134,0.877838,0.223274,0.009505,0.247624,0.196547,0.541019,0.014811,0.541008,0.317745,46792323,46793269,693049,14868031,962300,840980,87.4%,301048,35.8%,105753,9011,0,0,2097140,0.441535,0,0,0,0,840977,371321,0.873924
lib12429_C95GDANXX,0,55.63171,0,0,1,1,0,2118653730,1865759176,1833710501,33539625,0.004012,0,0.000057,0.004093,0,38084517,38084517,0,0.482381,38084517,772436813,86070,0,20689271,109122235,206982323,1.083189,0.120322,0.131809,0.730826,0.364589,0.004143,0.051505,0.097695,0.839609,0.011191,0.839588,0.47502,2118653730,2118706794,23709547,1006403231,40872944,38084520,93.2%,4544893,11.9%,3643196,605763,0,0,19975372,0.809478,0,0,0,0,38084517,30828567,0.931778
lib12430_C95GDANXX,0,55.632789,0,0,1,1,0,595948097,536608989,527151624,9645597,0.003688,0,0.000052,0.003859,0,10712423,10712423,0,0.492535,10712423,234499648,17647,0,6090464,20150064,25967099,1.11446,0.074608,0.085013,0.809966,0.39349,0.002889,0.033812,0.043573,0.910531,0.012084,0.91051,0.517041,595948097,595961973,7201598,308129798,11172739,10712426,95.9%,1066827,10.0%,483004,177717,0,0,3962846,0.741508,0,0,0,0,10712423,7943346,0.958800
lib12431_C95GDANXX,0,55.53459,0,0,1,1,0,17045341,15021196,14682090,270387,0.003503,0,0.000016,0.003637,0,306934,306934,0,0.44391,306934,6178782,1304,0,158681,1253527,1915324,0.998745,0.099067,0.145985,1.038094,0.362491,0.008151,0.073541,0.112366,0.79172,0.022373,0.791715,0.429229,17045341,17045454,381352,7316356,968439,306937,31.7%,36548,11.9%,41100,3799,0,0,163202,0.311608,0,0,0,0,306934,95643,0.316937
lib12432_C95GDANXX,0,55.629555,0,0,1,1,0,856768848,750359095,737437940,13489584,0.003957,0,0.00004,0.004106,0,15401614,15401614,0,0.471516,15401614,343789592,33220,0,8521041,41827172,75863800,0.947006,0.151083,0.1803,0.684458,0.401263,0.003883,0.04882,0.088546,0.852596,0.010038,0.85258,0.451333,856768848,856784938,8600606,386687815,16475130,15401617,93.5%,1912031,12.4%,1326970,334361,0,0,8368484,0.74793,0,0,0,0,15401614,11519329,0.934840
lib12433_C95GDANXX,0,55.631925,0,0,1,1,0,697316318,620042947,609472690,11145971,0.003876,0,0.000042,0.004047,0,12534724,12534724,0,0.467917,12534724,276150215,25794,0,7008136,29223087,53454075,0.995315,0.10653,0.130699,0.735267,0.396019,0.003667,0.041908,0.076657,0.871273,0.010162,0.871255,0.475255,697316318,697330821,7086313,331402744,13244814,12534727,94.6%,1388754,11.1%,980389,268377,0,0,5662477,0.719692,0,0,0,0,12534724,9021140,0.946387
lib12434_C95GDANXX,0,55.627879,0,0,1,1,0,500028828,447403564,439620024,8043034,0.00381,0,0.000037,0.003911,0,8988970,8988970,0,0.483458,8988970,204159219,18355,0,4819434,18978110,67172776,0.896099,0.155513,0.214455,0.648927,0.408295,0.003794,0.037954,0.134338,0.81677,0.010938,0.816756,0.408475,500028828,500037332,5469360,204249453,9442877,8988973,95.2%,945937,10.5%,1201146,144688,0,0,3641659,0.626677,0,0,0,0,8988970,5633180,0.951931
lib12435_C95GDANXX,0,55.637794,0,0,1,1,0,481037324,436762779,429123232,7850450,0.003482,0,0.000056,0.00358,0,8646219,8646219,0,0.486728,8646219,191226904,25037,0,4792846,21270903,54469353,0.866742,0.150276,0.204701,0.581009,0.39753,0.005197,0.044219,0.113233,0.833994,0.008554,0.833961,0.436464,481037324,481056550,4114974,209955568,9053368,8646222,95.5%,795770,9.2%,1071977,115892,0,0,3181916,0.611393,0,0,0,0,8646219,5286241,0.955028
lib12436_C95GDANXX,0,55.623096,0,0,1,1,0,1135548356,1032374424,1013954339,18561051,0.003286,0,0.000054,0.003378,0,20415857,20415857,0,0.481201,20415857,464768982,66080,0,10784030,59886902,167495973,0.842724,0.235892,0.305202,0.529135,0.40929,0.00609,0.052738,0.147502,0.794157,0.005603,0.794126,0.384867,1135548356,1135593166,6362161,437034952,21474673,20415860,95.1%,1854807,9.1%,3209761,291965,0,0,8502649,0.655572,0,0,0,0,20415857,13384067,0.950695
lib12437_C95GDANXX,0,55.63309,0,0,1,1,0,615122778,544293622,535102205,9783830,0.004395,0,0.000042,0.004511,0,11056976,11056976,0,0.453633,11056976,243732679,43029,0,6108411,27208104,54262113,1.089875,0.120836,0.131062,0.749384,0.396234,0.006995,0.044232,0.088213,0.857828,0.009726,0.857813,0.461594,615122778,615133740,5982916,283937045,11636317,11056979,95.0%,1273147,11.5%,953573,209160,0,0,5082384,0.68091,0,0,0,0,11056976,7528811,0.950213
lib12438_C95GDANXX,0,55.640145,0,0,1,1,0,287307245,249430508,245265795,4483176,0.004043,0,0.000043,0.004116,0,5163770,5163770,0,0.471166,5163770,105461253,12320,0,2727603,16291799,33652264,1.027891,0.109861,0.128982,0.729424,0.367068,0.004496,0.056705,0.11713,0.81664,0.009525,0.816624,0.449573,287307245,287312912,2736488,129165465,5658398,5163773,91.3%,680595,13.2%,592256,75192,0,0,2955927,0.627802,0,0,0,0,5163770,3241827,0.912585
lib12439_C95GDANXX,0,55.626828,0,0,1,1,0,812228444,736492423,723713918,13239994,0.003706,0,0.000035,0.003809,0,14601619,14601619,0,0.479712,14601619,334668966,37929,0,8100480,34270897,82572463,0.938625,0.141474,0.188067,0.648142,0.412038,0.00466,0.042194,0.101662,0.844648,0.011496,0.844635,0.43261,812228444,812241745,9337772,351378483,15268499,14601622,95.6%,1361626,9.3%,1574074,214278,0,0,5397981,0.668281,0,0,0,0,14601619,9757982,0.956323
lib12440_C95GDANXX,0,55.632061,0,0,1,1,0,712669724,623321820,612524143,11205122,0.003964,0,0.000034,0.004068,0,12810593,12810593,0,0.433889,12810593,289246377,55689,0,7082520,43451227,81774572,0.982555,0.149748,0.18345,0.653994,0.405863,0.007802,0.06097,0.114744,0.808647,0.015639,0.808636,0.402784,712669724,712679690,11145564,287052137,13914209,12810596,92.1%,1605472,12.5%,1467599,199128,0,0,7212616,0.659317,0,0,0,0,12810593,8446244,0.920684
lib12441_C95GDANXX,0,55.631688,0,0,1,1,0,500118529,451268612,443598865,8111802,0.004003,0,0.000027,0.004086,0,8989932,8989932,0,0.466694,8989932,234703918,31149,0,5512438,18216897,37648355,0.879091,0.161229,0.22557,0.627589,0.469297,0.005619,0.036425,0.075279,0.87937,0.008926,0.879358,0.410073,500118529,500125089,4464213,205085207,9424899,8989935,95.4%,878131,9.8%,672090,180148,0,0,3345088,0.545821,0,0,0,0,8989932,4906895,0.953849
lib12442_C95GDANXX,0,55.626984,0,0,1,1,0,573173658,520388213,511458668,9355129,0.0038,0,0.000035,0.003895,0,10304035,10304035,0,0.484558,10304035,238569411,23487,0,5663014,23953305,61915106,0.90705,0.192142,0.262758,0.614931,0.416225,0.00413,0.041791,0.108022,0.843005,0.007182,0.842993,0.42678,573173658,573182387,4116811,244619101,10758681,10304038,95.8%,948907,9.2%,1169241,147880,0,0,3934390,0.639077,0,0,0,0,10304035,6585068,0.957741
lib12443_C95GDANXX,0,55.644512,0,0,1,1,0,591046574,519734043,510931093,9340628,0.003864,0,0.000064,0.003978,0,10622248,10622248,0,0.472981,10622248,231538015,26070,0,6281447,22275367,46921856,0.972421,0.128375,0.15242,0.634767,0.391742,0.004133,0.037688,0.079388,0.87411,0.008815,0.874076,0.482368,591046574,591069804,5209971,285101736,11209928,10622251,94.8%,1281621,12.1%,830977,157754,0,0,4918664,0.666022,0,0,0,0,10622248,7074646,0.947575
lib12444_C95GDANXX,0,55.621731,0,0,1,1,0,475544347,421274239,413471572,7574409,0.003515,0,0.000082,0.003633,0,8550045,8550045,0,0.453748,8550045,177711604,19157,0,4976594,18459229,22245438,1.207867,0.056469,0.052541,0.777687,0.373701,0.003835,0.038817,0.046779,0.902774,0.011631,0.902729,0.529073,475544347,475568304,5530982,251597522,8981306,8550048,95.2%,975637,11.4%,374345,137078,0,0,3899591,0.720852,0,0,0,0,8550045,6163320,0.951982
lib12445_C95GDANXX,0,55.626,0,0,1,1,0,562149229,486711782,478149154,8750104,0.003889,0,0.00004,0.003984,0,10106055,10106055,0,0.447265,10106055,209997090,26075,0,5710194,31828183,38049556,1.306999,0.0632,0.058393,0.849289,0.373561,0.004546,0.056619,0.067686,0.861991,0.013705,0.861975,0.48843,562149229,562159414,7704229,274570277,10773757,10106058,93.8%,1355952,13.4%,631092,215759,0,0,6064743,0.707748,0,0,0,0,10106055,7152536,0.938025
lib12446_C95GDANXX,0,55.631882,0,0,1,1,0,452206913,403482074,396560807,7253103,0.00375,0,0.000042,0.003853,0,8128710,8128710,0,0.48028,8128710,184105375,15691,0,4712156,18635667,26366356,1.108074,0.083148,0.103886,0.736487,0.407126,0.003319,0.04121,0.058306,0.889862,0.010622,0.889845,0.482736,452206913,452215439,4803211,218296396,8560418,8128713,95.0%,875608,10.8%,476568,170443,0,0,3648272,0.68779,0,0,0,0,8128710,5590843,0.949569
lib12447_C95GDANXX,0,55.625066,0,0,1,1,0,596131093,531347303,522055423,9552729,0.003582,0,0.000036,0.003673,0,10717119,10717119,0,0.472034,10717119,249378470,23636,0,6147067,24053733,53909499,0.890717,0.14531,0.205898,0.654424,0.418328,0.00383,0.04035,0.090432,0.858127,0.011092,0.858113,0.439798,596131093,596140449,6612094,262177422,11232721,10717122,95.4%,1164391,10.9%,981180,164279,0,0,4733721,0.677391,0,0,0,0,10717119,7259680,0.954098
lib12448_C95GDANXX,0,55.592854,0,0,1,1,0,41778003,33747622,33086373,607088,0.003001,0,0.000039,0.003007,0,751517,751517,0,0.412624,751517,11298265,3805,0,362736,4629097,6133825,1.185493,0.111064,0.095336,0.88994,0.270436,0.010381,0.110802,0.146819,0.721271,0.021108,0.721255,0.450836,41778003,41778975,881848,18835014,863573,751520,87.0%,144430,19.2%,95111,9807,0,0,819365,0.359979,0,0,0,0,751517,270530,0.870241
lib12449_C95GDANXX,0,55.59062,0,0,1,1,0,40357858,35044221,34387677,630380,0.002932,0,0.000031,0.002992,0,725997,725997,0,0.440129,725997,12641437,3607,0,361044,3003319,6244328,1.038185,0.157596,0.16285,0.81566,0.313234,0.009892,0.074417,0.154724,0.74875,0.02211,0.748736,0.435517,40357858,40358623,892297,17576524,846702,726000,85.7%,95618,13.2%,112205,9276,0,0,469880,0.300705,0,0,0,0,725997,218311,0.857441
lib12450_C95GDANXX,0,55.610329,0,0,1,1,0,388263311,352616475,346091849,6340825,0.002997,0,0.000059,0.003082,0,6982138,6982138,0,0.471954,6982138,137423302,27895,0,3843700,15462743,41132321,1.01989,0.185877,0.203146,0.64726,0.353944,0.007205,0.039825,0.105939,0.836015,0.018221,0.835981,0.482072,388263311,388278993,7074676,187170748,7378191,6982141,94.6%,641314,9.2%,785300,95471,0,0,2418208,0.562427,0,0,0,0,6982138,3926944,0.946321
lib12451_C95GDANXX,0,55.609397,0,0,1,1,0,47570887,42054969,41278310,756245,0.003045,0,0.000041,0.003125,0,855468,855468,0,0.444324,855468,16082965,4087,0,444362,3258966,5536679,1.002541,0.151106,0.164706,0.812048,0.338084,0.009114,0.068508,0.116388,0.792123,0.022983,0.792104,0.454039,47570887,47572060,1093304,21599052,976891,855471,87.6%,99224,11.6%,111571,10368,0,0,439704,0.383851,0,0,0,0,855468,328372,0.875705
lib12452_C95GDANXX,0,55.602725,0,0,1,1,0,672248678,588496847,577130422,10584733,0.003218,0,0.000062,0.003315,0,12090705,12090705,0,0.45661,12090705,246860543,38563,0,6832337,35434954,47531549,1.090466,0.121558,0.126831,0.677983,0.367216,0.005613,0.052711,0.070705,0.857299,0.019286,0.857264,0.490083,672248678,672276145,12964757,329457716,12766773,12090708,94.7%,1505973,12.5%,859798,184354,0,0,6616074,0.715759,0,0,0,0,12090705,8654025,0.947045
lib12453_C95GDANXX,0,55.605599,0,0,1,1,0,1197566183,1086188889,1065842278,19534474,0.003058,0,0.000056,0.003143,0,21537534,21537534,0,0.482553,21537534,443873262,70721,0,11073567,62097380,190816004,0.919625,0.250372,0.285589,0.560559,0.370646,0.006346,0.051853,0.159336,0.782037,0.006774,0.78201,0.411391,1197566183,1197607480,8112092,492667982,22585937,21537537,95.4%,2003061,9.3%,3557111,324655,0,0,9058367,0.664907,0,0,0,0,21537534,14320451,0.953582
lib12454_C95GDANXX,0,55.604193,0,0,1,1,0,1038790321,918972501,901459663,16527608,0.003005,0,0.000062,0.003111,0,18682689,18682689,0,0.449386,18682689,400462944,56439,0,11110954,40764799,82951321,1.011551,0.123492,0.138454,0.670354,0.385509,0.005054,0.039243,0.079854,0.870857,0.010047,0.870819,0.485348,1038790321,1038835836,10437159,504174827,19459144,18682692,96.0%,2155082,11.5%,1508799,317811,0,0,8025119,0.693048,0,0,0,0,18682689,12947998,0.960098
lib12455_C95GDANXX,0,55.59293,0,0,1,1,0,908446194,819366954,803412080,14739327,0.003059,0,0.000065,0.00315,0,16341746,16341746,0,0.475911,16341746,345136667,54177,0,9141160,40458168,93674794,0.95031,0.156593,0.180107,0.599678,0.37992,0.005892,0.044536,0.103115,0.844157,0.008192,0.844121,0.464237,908446194,908485540,7442423,421734655,17086620,16341749,95.6%,1602420,9.8%,1777307,248762,0,0,6488118,0.660687,0,0,0,0,16341746,10796783,0.956406
lib12456_C95GDANXX,0,55.615966,0,0,1,1,0,1148610064,1046909931,1027494792,18824332,0.003104,0,0.00007,0.003199,0,20653430,20653430,0,0.482479,20653430,406902788,85267,0,11029607,61949145,127526357,1.010441,0.168077,0.179283,0.617184,0.354257,0.007671,0.053934,0.111027,0.824201,0.010839,0.824165,0.469944,1148610064,1148660461,12449900,539782743,21572322,20653433,95.7%,1829099,8.9%,2665856,269674,0,0,7450307,0.689245,0,0,0,0,20653430,14235267,0.957404
lib12457_C95GDANXX,0,55.577438,0,0,1,1,0,12891164,11251632,11045054,202436,0.003528,0,0.00005,0.003616,0,231954,231954,0,0.456353,231954,3908281,1049,0,118203,958515,1515289,1.087457,0.04821,0.062842,1.037842,0.303175,0.008796,0.074354,0.117545,0.79389,0.014211,0.793875,0.490715,12891164,12891409,183202,6325883,349571,231957,66.4%,29519,12.7%,27888,3139,0,0,144536,0.205985,0,0,0,0,231954,47779,0.663539
lib12458_C95GDANXX,0,55.592115,0,0,1,1,0,31941881,28820568,28279566,518406,0.002918,0,0.000039,0.003009,0,574591,574591,0,0.462228,574591,10335599,2674,0,296289,1782840,4429416,1.001896,0.15617,0.182724,0.851539,0.323575,0.008944,0.055815,0.138671,0.784769,0.020746,0.784748,0.461194,31941881,31942729,662667,14731403,694455,574594,82.7%,56186,9.8%,89138,7003,0,0,220162,0.271743,0,0,0,0,574591,156141,0.827398
lib12459_C95GDANXX,0,55.573589,0,0,1,1,0,14067274,12473636,12235960,224433,0.002988,0,0.000036,0.003059,0,253134,253134,0,0.46746,253134,4530456,966,0,135052,679943,1749344,1.000572,0.132039,0.166147,0.995619,0.322056,0.007102,0.048335,0.124356,0.808323,0.018987,0.808306,0.486266,14067274,14067565,267095,6840444,348403,253137,72.7%,28702,11.3%,32349,3215,0,0,116381,0.272492,0,0,0,0,253134,68977,0.726555
lib12460_C95GDANXX,0,55.61508,0,0,1,1,0,527293691,479985640,471071557,8630711,0.003003,0,0.000077,0.003115,0,9481604,9481604,0,0.481359,9481604,175554281,33937,0,5155090,25247331,49786685,1.078516,0.146218,0.154891,0.714162,0.332935,0.00654,0.047881,0.094419,0.848043,0.009658,0.848,0.515108,527293691,527320163,5092480,271613288,10025079,9481607,94.6%,850894,9.0%,1030232,128454,0,0,3261102,0.645003,0,0,0,0,9481604,6115665,0.945788
lib12461_C95GDANXX,0,55.608564,0,0,1,1,0,1064545365,956725044,938901010,17205625,0.003026,0,0.00009,0.003166,0,19144601,19144601,0,0.493249,19144601,320285721,49109,0,11114979,37748110,65169333,1.578379,0.042416,0.029417,0.950924,0.300866,0.004399,0.035459,0.061218,0.892591,0.010732,0.892542,0.591725,1064545365,1064603766,11425033,629917863,20083330,19144604,95.3%,1938977,10.1%,1272587,343815,0,0,6683232,0.772302,0,0,0,0,19144601,14785416,0.953258
lib12462_C95GDANXX,0,55.609695,0,0,1,1,0,1028040131,933920120,916563905,16794884,0.002849,0,0.000066,0.00296,0,18487484,18487484,0,0.48102,18487484,388169479,53561,0,10508642,41530319,104460861,0.952682,0.180416,0.226424,0.601832,0.377582,0.005071,0.040398,0.101612,0.852137,0.005854,0.852101,0.474555,1028040131,1028083346,6018074,487861774,19284741,18487487,95.9%,1692601,9.2%,2044761,290289,0,0,6503916,0.691793,0,0,0,0,18487484,12789510,0.958659
lib12463_C95GDANXX,0,55.588797,0,0,1,1,0,906331254,832713264,816040653,14980172,0.002947,0,0.000059,0.003051,0,16304822,16304822,0,0.487448,16304822,344954621,66998,0,8528052,47660298,127290587,0.901342,0.224614,0.283513,0.545624,0.380605,0.007795,0.052586,0.140446,0.799917,0.007052,0.799886,0.419311,906331254,906365443,6391427,380034786,17207923,16304825,94.8%,1324651,8.1%,2572619,232401,0,0,5487977,0.594443,0,0,0,0,16304822,9692285,0.947518
lib12464_C95GDANXX,0,55.597385,0,0,1,1,0,198813198,177895783,174546891,3199562,0.002983,0,0.000051,0.003089,0,3576060,3576060,0,0.461338,3576060,69938239,16694,0,1929011,10057602,22664085,0.994214,0.184863,0.207817,0.694742,0.351779,0.00858,0.050588,0.113997,0.821264,0.014152,0.821238,0.469486,198813198,198819586,2813537,93339959,3861794,3576063,92.6%,376499,10.5%,430490,52012,0,0,1501630,0.440259,0,0,0,0,3576060,1574393,0.926010
lib12465_C95GDANXX,0,55.541774,0,0,1,1,0,107051230,96343739,94503323,1734404,0.002847,0,0.000061,0.002922,0,1927477,1927477,0,0.460078,1927477,34974478,8367,0,1077118,4239482,11911821,1.017208,0.191374,0.204511,0.753957,0.326708,0.007708,0.039602,0.111272,0.834725,0.014402,0.834692,0.508017,107051230,107055491,1541764,54383837,2166969,1927480,88.9%,193074,10.0%,231317,23628,0,0,681615,0.452556,0,0,0,0,1927477,872291,0.889481
lib12466_C95GDANXX,0,55.605734,0,0,1,1,0,1309777860,1198844697,1174587126,21559745,0.002807,0,0.000076,0.002888,0,23556031,23556031,0,0.487752,23556031,463701622,82208,0,13285930,46222518,137754959,0.998791,0.15791,0.182912,0.658703,0.354031,0.00615,0.03529,0.105174,0.850441,0.009095,0.850394,0.496411,1309777860,1309850396,11912127,650187702,25498180,23556034,92.4%,1996287,8.5%,2758128,329473,0,0,6634330,0.721893,0,0,0,0,23556031,17004938,0.923832
lib12467_C95GDANXX,0,55.619616,0,0,1,1,0,1365248555,1252554411,1229645194,22520466,0.002775,0,0.000073,0.002849,0,24547483,24547483,0,0.479386,24547483,476123058,82235,0,13550242,52208587,181525054,0.934024,0.163916,0.198016,0.640294,0.348745,0.006032,0.038241,0.132961,0.823081,0.005718,0.823037,0.474336,1365248555,1365321590,7805817,647586717,25590291,24547486,95.9%,2027018,8.3%,3528175,319547,0,0,7225541,0.699569,0,0,0,0,24547483,17172652,0.959250
lib12468_C95GDANXX,0,55.603059,0,0,1,1,0,740770544,678393939,665158927,12200494,0.002881,0,0.000064,0.002972,0,13323082,13323082,0,0.463081,13323082,277727583,61173,0,7238239,30146506,90559948,0.958325,0.193288,0.242463,0.639686,0.374917,0.008381,0.040696,0.122251,0.823886,0.013168,0.823849,0.448969,740770544,740804115,9754439,332582836,14008506,13323085,95.1%,1122589,8.4%,1838665,167806,0,0,3690054,0.613365,0,0,0,0,13323082,8171910,0.951071
lib12469_C95GDANXX,0,55.613591,0,0,1,1,0,1078993494,967323216,948984180,17393924,0.003001,0,0.000075,0.003086,0,19402644,19402644,0,0.470603,19402644,388181320,61123,0,10961141,37563998,88542926,1.102789,0.132071,0.133919,0.708886,0.359762,0.005545,0.034814,0.082061,0.864747,0.01838,0.864701,0.504985,1078993494,1079050706,19831412,544875278,20383672,19402647,95.2%,2008721,10.4%,1651696,304204,0,0,7108321,0.71818,0,0,0,0,19402644,13934599,0.951872
lib12470_C95GDANXX,0,55.642859,0,0,1,1,0,1413326526,1277617952,1253396749,22962205,0.002576,0,0.000074,0.002665,0,25401208,25401208,0,0.472014,25401208,526106114,66786,0,14256190,45509132,154775899,0.945762,0.170534,0.20258,0.612,0.372247,0.004663,0.0322,0.109512,0.849318,0.008971,0.849276,0.477071,1413326526,1413395827,12679037,674257208,26408655,25401211,96.2%,2439004,9.6%,2879290,362420,0,0,8866377,0.741558,0,0,0,0,25401208,18836470,0.961852
lib12471_C95GDANXX,0,55.626075,0,0,1,1,0,1326191191,1170345302,1147302094,21041023,0.002809,0,0.000096,0.002913,0,23842574,23842574,0,0.475324,23842574,414204114,55974,0,13783728,49306182,71294006,1.546527,0.047062,0.032298,0.925505,0.312326,0.004044,0.037179,0.053758,0.896033,0.013031,0.89598,0.583707,1326191191,1326268817,17281208,774106619,24914496,23842577,95.7%,2801552,11.8%,1304149,451815,0,0,10267464,0.817942,0,0,0,0,23842574,19501847,0.956976
lib12472_C95GDANXX,0,55.126476,0,0,1,1,0,891768,749182,706428,13597,0.003704,0,0.000025,0.003668,0,16177,16177,0,0.436175,16177,261855,64,0,8288,73953,88290,1.005111,0.12383,0.150862,1.090045,0.293636,0.007663,0.082929,0.099006,0.796305,0.021761,0.796293,0.502669,891768,891781,19406,448264,29150,16180,55.5%,2581,16.0%,1454,182,0,0,13267,0.065401,0,0,0,0,16177,1058,0.554957
lib12473_C95GDANXX,0,55.529287,0,0,1,1,0,93055688,84772274,83134540,1526483,0.002459,0,0.000068,0.002545,0,1675867,1675867,0,0.467072,1675867,29095530,6444,0,944422,3368792,7625622,1.129517,0.103445,0.120787,0.8056,0.312668,0.006777,0.036202,0.081947,0.868968,0.012884,0.86893,0.5563,93055688,93059699,1198976,51766855,1947112,1675870,86.1%,149385,8.9%,158791,19167,0,0,525393,0.530076,0,0,0,0,1675867,888337,0.860694
lib12474_C95GDANXX,0,55.642489,0,0,1,1,0,1301905206,1199136524,1176419525,21550910,0.00271,0,0.00007,0.002797,0,23398686,23398686,0,0.484616,23398686,472647371,87355,0,12752348,46927416,162080391,0.945458,0.18626,0.206817,0.623329,0.363043,0.006804,0.036045,0.124495,0.830674,0.008786,0.830639,0.467632,1301905206,1301961119,11438776,608811956,24477804,23398689,95.6%,1847777,7.9%,3113035,299648,0,0,6645581,0.692509,0,0,0,0,23398686,16203812,0.955914
lib12475_C95GDANXX,0,55.651175,0,0,1,1,0,1457189488,1306124527,1281162497,23470723,0.002595,0,0.000105,0.00269,0,26186242,26186242,0,0.47207,26186242,364181989,90524,0,14609731,60553567,130872214,1.526465,0.063932,0.047092,0.948856,0.249921,0.006158,0.041555,0.089811,0.84746,0.021176,0.847398,0.597539,1457189488,1457295143,30856882,870727316,28184229,26186245,92.9%,2715520,10.4%,2686978,302943,0,0,9241959,0.816661,0,0,0,0,26186242,21385274,0.929110
lib12476_C95GDANXX,0,55.563455,0,0,1,1,0,5984827,5069746,4955765,91239,0.003049,0,0.000041,0.003103,0,107714,107714,0,0.46305,107714,1513464,347,0,53957,479418,796506,1.438865,0,0.014243,1.162524,0.252884,0.00639,0.080106,0.133088,0.770218,0.01659,0.7702,0.517334,5984827,5984962,99286,3096156,167262,107717,64.4%,16476,15.3%,13226,1385,0,0,83327,0.235494,0,0,0,0,107714,25366,0.643984
lib12477_C95GDANXX,0,55.649948,0,0,1,1,0,1166003940,1039728254,1019935835,18684030,0.002792,0,0.000077,0.002871,0,20953478,20953478,0,0.467551,20953478,417927575,60535,0,11767542,50445833,115844472,0.989123,0.168136,0.19504,0.647382,0.358427,0.005118,0.043264,0.099352,0.847778,0.009608,0.847737,0.48935,1166003940,1166059969,11202487,570584364,21841490,20953481,95.9%,2269449,10.8%,2079168,273489,0,0,9407351,0.740502,0,0,0,0,20953478,15516089,0.959343
lib12478_C95GDANXX,0,55.638647,0,0,1,1,0,1353674686,1218061867,1194590389,21893387,0.002682,0,0.000072,0.002761,0,24330819,24330819,0,0.475311,24330819,496076104,64127,0,13629361,54450689,155937409,0.94468,0.179575,0.218714,0.608803,0.366466,0.004683,0.040224,0.115196,0.835616,0.008965,0.835579,0.46915,1353674686,1353733843,12135118,635076076,25304896,24330822,96.2%,2437433,10.0%,2861724,344760,0,0,9727923,0.731366,0,0,0,0,24330819,17794723,0.961506
lib12479_C95GDANXX,0,55.610202,0,0,1,1,0,1285294702,1144464802,1121320641,20580717,0.003039,0,0.000057,0.003169,0,23113369,23113369,0,0.456076,23113369,563840901,69725,0,12716177,60302118,101250189,0.900321,0.170017,0.233128,0.57513,0.438686,0.005453,0.046917,0.078776,0.866669,0.007638,0.866639,0.427983,1285294702,1285339120,9817534,550084575,24191647,23113372,95.5%,2532653,11.0%,1806313,387977,0,0,11001323,0.712662,0,0,0,0,23113369,16472023,0.955428
lib12480_C95GDANXX,0,55.596627,0,0,1,1,0,66218025,57570365,56481616,1035387,0.002941,0,0.000042,0.003059,0,1191075,1191075,0,0.433995,1191075,25102218,6359,0,678410,3249831,5485337,0.991702,0.173876,0.20433,0.752359,0.379084,0.009286,0.049078,0.082838,0.851809,0.016277,0.851787,0.472725,66218025,66219753,1077832,31302894,1333134,1191078,89.3%,155689,13.1%,96975,18371,0,0,615541,0.3828,0,0,0,0,1191075,455943,0.893440
lib12481_C95GDANXX,0,55.635127,0,0,1,1,0,1309070058,1171543098,1149299247,21057616,0.002981,0,0.00005,0.003129,0,23530337,23530337,0,0.483421,23530337,583214213,73890,0,13957603,39173026,85179189,0.93551,0.172515,0.226325,0.624048,0.445518,0.005266,0.029924,0.065068,0.900124,0.004884,0.900094,0.454606,1309070058,1309113276,6393217,595110803,24454745,23530340,96.2%,2472722,10.5%,1553726,516915,0,0,8529449,0.672283,0,0,0,0,23530337,15819048,0.962199
lib12482_C95GDANXX,0,55.458198,0,0,1,1,0,444435,375046,363073,6762,0.003557,0,0.000016,0.003636,0,8014,8014,0,0.427876,8014,171792,46,0,4511,24797,41408,0.924372,0.335663,0.372378,0.896854,0.38654,0.010094,0.055794,0.09317,0.834851,0.016187,0.834838,0.448311,444435,444442,7194,199245,18342,8017,43.7%,1253,15.6%,701,139,0,0,4968,0.031819,0,0,0,0,8014,255,0.436921
lib12483_C95GDANXX,0,55.581519,0,0,1,1,0,2401698,2141675,2099033,38528,0.002884,0,0.000024,0.002961,0,43211,43211,0,0.47231,43211,882733,193,0,24000,117139,246503,0.827598,0.154016,0.186077,0.980325,0.367545,0.007978,0.048773,0.102637,0.83704,0.011549,0.837028,0.469495,2401698,2401733,27738,1127585,65921,43214,65.6%,4684,10.8%,4558,605,0,0,19835,0.090347,0,0,0,0,43211,3904,0.655497
lib12484_C95GDANXX,0,55.595965,0,0,1,1,0,2802786,2329926,2280575,41910,0.002915,0,0.000021,0.002993,0,50414,50414,0,0.433709,50414,766624,199,0,25835,258507,365969,1.191815,0.067743,0.053333,1.175636,0.273522,0.007644,0.092232,0.130573,0.761525,0.01567,0.761517,0.488003,2802786,2802815,43919,1367767,108105,50417,46.6%,8505,16.9%,6169,620,0,0,44395,0.217003,0,0,0,0,50414,10940,0.466343
lib12485_C95GDANXX,0,55.598897,0,0,1,1,0,91923879,80782969,79239844,1452835,0.00286,0,0.000043,0.002931,0,1653385,1653385,0,0.436713,1653385,36885948,8465,0,901238,4886897,11248671,0.87724,0.248883,0.296296,0.667382,0.401266,0.009305,0.053162,0.122369,0.806735,0.017734,0.806713,0.405469,91923879,91926382,1630214,37272261,2038393,1653388,81.1%,200551,12.1%,194923,24831,0,0,873165,0.375417,0,0,0,0,1653385,620709,0.811122
lib12486_C95GDANXX,0,55.596599,0,0,1,1,0,12815645,10937520,10724037,196715,0.002818,0,0.00003,0.002855,0,230515,230515,0,0.420806,230515,4709815,1342,0,119886,935905,1925372,0.909212,0.203525,0.256863,0.973457,0.367505,0.01107,0.073028,0.150236,0.762726,0.014011,0.762713,0.39522,12815645,12815850,179558,5065005,408402,230518,56.4%,33801,14.7%,32345,3630,0,0,165710,0.18247,0,0,0,0,230515,42062,0.564432
lib12487_C95GDANXX,0,55.604587,0,0,1,1,0,1257091409,1145333159,1121538304,20598212,0.00273,0,0.000046,0.002804,0,22608372,22608372,0,0.470357,22608372,624150361,64377,0,13690868,41222822,73062722,0.860459,0.189423,0.259511,0.524506,0.496504,0.00468,0.032792,0.05812,0.900756,0.008332,0.900729,0.404253,1257091409,1257129195,10473707,508182553,23571687,22608375,95.9%,2010161,8.9%,1248679,528054,0,0,8236358,0.673102,0,0,0,0,22608372,15217741,0.959133
lib12488_C95GDANXX,0,55.630922,0,0,1,1,0,1486437256,1347861978,1321788071,24228990,0.002741,0,0.00005,0.002815,0,26720514,26720514,0,0.462466,26720514,673885532,81711,0,15870385,52796812,108026877,0.889891,0.200873,0.273303,0.569043,0.453356,0.005122,0.035519,0.072675,0.886625,0.005181,0.886595,0.433269,1486437256,1486486837,7701783,644026727,27657830,26720517,96.6%,2491525,9.3%,1865843,600004,0,0,10277010,0.698373,0,0,0,0,26720514,18660878,0.966110
lib12489_C95GDANXX,0,55.544003,0,0,1,1,0,72459906,64709773,63420262,1164839,0.00244,0,0.000054,0.002497,0,1304601,1304601,0,0.452741,1304601,25110353,6700,0,701806,4034390,7973736,1.017636,0.212778,0.232063,0.746184,0.346541,0.009457,0.055678,0.110043,0.809429,0.024852,0.809397,0.462888,72459906,72462762,1800785,33540808,1744025,1304604,74.8%,139763,10.7%,160675,16261,0,0,567725,0.386887,0,0,0,0,1304601,504733,0.748040
lib12490_C95GDANXX,0,55.422906,0,0,1,1,0,19904799,17755905,17345746,320145,0.00271,0,0.00004,0.002809,0,359153,359153,0,0.465891,359153,6497360,1733,0,196080,1003485,2231509,1.02336,0.137881,0.17004,0.923552,0.326422,0.008761,0.050414,0.112109,0.817857,0.019622,0.817836,0.491435,19904799,19905303,390563,9781910,1348954,359156,26.6%,39009,10.9%,43430,4682,0,0,162143,0.253878,0,0,0,0,359153,91181,0.266246
lib12491_C95GDANXX,0,55.24374,0,0,1,1,0,108106,82662,78068,1498,0.003726,0,0.000056,0.003515,0,1957,1957,0,0.416454,1957,29933,6,0,924,15073,15768,0.191209,0,?,1.037987,0.276886,0.006452,0.139428,0.145857,0.70343,0.011285,0.703391,0.426544,108106,108112,1220,46112,3493,1960,56.1%,460,23.5%,200,30,0,0,2847,0.030659,0,0,0,0,1957,60,0.560263
lib12492_C95GDANXX,0,55.630362,0,0,1,1,0,1698360404,1529473360,1498711620,27494800,0.002817,0,0.000088,0.002903,0,30531233,30531233,0,0.481468,30531233,533112643,79515,0,17132739,60850467,143765352,1.235802,0.113965,0.108037,0.769724,0.313898,0.00462,0.035829,0.084649,0.868527,0.010995,0.868475,0.554629,1698360404,1698463541,18673572,941959774,31984224,30531236,95.5%,3036434,9.9%,2733945,389529,0,0,10900966,0.803273,0,0,0,0,30531233,24524928,0.954572
lib12493_C95GDANXX,0,55.601445,0,0,1,1,0,1305983559,1192851766,1168694218,21453872,0.002828,0,0.000057,0.002971,0,23489122,23489122,0,0.494841,23489122,553262905,57371,0,13546065,38278176,88709341,0.950399,0.138437,0.16328,0.645373,0.423637,0.004217,0.02931,0.067925,0.896817,0.005948,0.896786,0.47318,1305983559,1306029123,7768295,617965219,24354478,23489125,96.4%,2035251,8.7%,1760490,392958,0,0,6897905,0.744915,0,0,0,0,23489122,17497391,0.964468
lib12494_C95GDANXX,0,55.64476,0,0,1,1,0,1324674997,1192639253,1169924060,21433538,0.002662,0,0.000066,0.002758,0,23807077,23807077,0,0.45842,23807077,496557018,95999,0,13825893,55930166,126897945,0.98324,0.172605,0.194319,0.659081,0.374852,0.006896,0.042222,0.095796,0.847322,0.014662,0.847281,0.47247,1324674997,1324739087,19421725,625869575,24902977,23807080,95.6%,2373540,10.0%,2360038,420146,0,0,9057327,0.662752,0,0,0,0,23807077,15778178,0.955993
lib12495_C95GDANXX,0,55.608851,0,0,1,1,0,1296921528,1165502144,1142020488,20959750,0.002825,0,0.000056,0.002931,0,23323086,23323086,0,0.471891,23323086,556118047,79221,0,12947231,55900985,143032391,0.871059,0.203389,0.25625,0.545682,0.428799,0.006082,0.043103,0.110286,0.835583,0.011029,0.835552,0.406784,1296921528,1296970025,14303470,527567487,24511512,23323089,95.2%,2363337,10.1%,2649246,379704,0,0,9709848,0.684912,0,0,0,0,23323086,15974258,0.951516
lib12496_C95GDANXX,0,55.608211,0,0,1,1,0,154853988,139540248,136880846,2509241,0.002776,0,0.000061,0.002839,0,2784840,2784840,0,0.4771,2784840,53532383,11200,0,1481361,7288593,17839365,0.999632,0.15969,0.190311,0.696886,0.345696,0.007504,0.047068,0.115201,0.82298,0.014752,0.822949,0.477285,154853988,154859970,2284399,73909416,3018656,2784843,92.3%,275600,9.9%,335316,35460,0,0,1121956,0.487205,0,0,0,0,2784840,1356787,0.922543
lib12497_C95GDANXX,0,55.619789,0,0,1,1,0,2124205,1877629,1842814,33759,0.003003,0,0.000017,0.003099,0,38192,38192,0,0.470517,38192,829762,139,0,20797,106852,204727,0.781103,0.052564,0.156,0.972031,0.390622,0.006639,0.050302,0.096378,0.840336,0.012984,0.840326,0.449714,2124205,2124231,27580,955284,75332,38195,50.7%,4434,11.6%,3721,628,0,0,19120,0.086353,0,0,0,0,38192,3298,0.506982
lib12498_C95GDANXX,0,55.577731,0,0,1,1,0,3995714,3516951,3449283,63275,0.003075,0,0.000019,0.003146,0,71895,71895,0,0.455094,71895,1380104,327,0,36686,261403,576323,0.85408,0.192978,0.251524,0.958501,0.345396,0.008835,0.065421,0.144235,0.773458,0.016886,0.773449,0.428062,3995714,3995761,67471,1710413,262223,71898,27.4%,8621,12.0%,10717,967,0,0,40664,0.105751,0,0,0,0,71895,7603,0.274175
lib12499_C95GDANXX,0,55.633367,0,0,1,1,0,1208046147,1056611208,1036528704,18991829,0.002723,0,0.00006,0.002835,0,21715350,21715350,0,0.401624,21715350,533578361,151135,0,12736617,43937600,99744665,0.958673,0.199236,0.245466,0.657844,0.441687,0.011727,0.036371,0.082567,0.853081,0.027983,0.853045,0.411394,1208046147,1208098039,33804852,496983327,25306814,21715353,85.8%,2723522,12.5%,1743868,359086,0,0,9281324,0.725043,0,0,0,0,21715350,15744568,0.858083
lib12500_C95GDANXX,0,55.640892,0,0,1,1,0,553955665,489129750,479836854,8790826,0.002716,0,0.000075,0.002838,0,9956453,9956453,0,0.449574,9956453,184723709,43957,0,5446903,23584267,50132357,1.142899,0.124655,0.122885,0.768084,0.333463,0.008005,0.042574,0.090499,0.837422,0.029508,0.837376,0.503959,553955665,553985928,16345965,279170704,10668387,9956456,93.3%,1165628,11.7%,971424,136288,0,0,4177817,0.683271,0,0,0,0,9956453,6802960,0.933267
lib12501_C95GDANXX,0,55.624696,0,0,1,1,0,810566017,732006281,718017324,13159561,0.002814,0,0.000077,0.002907,0,14572810,14572810,0,0.473002,14572810,285013792,53742,0,8082247,33793482,67430662,1.065973,0.15649,0.170818,0.712929,0.351623,0.006605,0.041691,0.08319,0.865267,0.009853,0.865222,0.513644,810566017,810608122,7986257,416342479,15430643,14572813,94.4%,1413250,9.7%,1336003,198953,0,0,5219023,0.698638,0,0,0,0,14572810,10181119,0.944407
lib12502_C95GDANXX,0,55.613161,0,0,1,1,0,548469613,482141228,472759311,8669416,0.002676,0,0.000063,0.002748,0,9862662,9862662,0,0.433866,9862662,201758251,45544,0,5404972,27528556,38947103,1.198571,0.138209,0.117276,0.759361,0.367857,0.008356,0.050192,0.071011,0.855476,0.023324,0.855438,0.487619,548469613,548493807,12792277,267444302,11181125,9862665,88.2%,1193247,12.1%,728895,146338,0,0,4640950,0.675657,0,0,0,0,9862662,6663778,0.882081
lib12503_C95GDANXX,0,55.614374,0,0,1,1,0,1114954823,990714677,970420507,17814782,0.002938,0,0.000066,0.003042,0,20048751,20048751,0,0.467651,20048751,458139111,56017,0,11362602,44690884,99593196,0.93918,0.163428,0.201777,0.591462,0.410904,0.004906,0.040083,0.089325,0.861995,0.008598,0.861961,0.451091,1114954823,1114998740,9586067,502946200,20922898,20048754,95.8%,2233970,11.1%,1794018,318927,0,0,8805267,0.704144,0,0,0,0,20048751,14117209,0.958221
lib12504_C95GDANXX,0,55.598606,0,0,1,1,0,1451611,1301398,1276387,23406,0.002917,0,0.000015,0.003026,0,26109,26109,0,0.483052,26109,541954,106,0,14493,71789,147923,0.879964,0.161243,0.221649,0.960865,0.373347,0.007261,0.049455,0.101903,0.83404,0.014602,0.834033,0.460694,1451611,1451624,21197,668748,41996,26112,62.2%,2704,10.4%,3102,365,0,0,10359,0.082615,0,0,0,0,26109,2157,0.621702
lib12505_C95GDANXX,0,55.631818,0,0,1,1,0,1150458,995651,977576,17897,0.00299,0,0.000025,0.003037,0,20680,20680,0,0.43264,20680,440930,111,0,10918,88013,135828,0.729995,0.172234,0.315185,0.915167,0.383265,0.010064,0.076503,0.118064,0.790789,0.014645,0.790784,0.407525,1150458,1150466,16848,468840,41740,20683,49.6%,2784,13.5%,2458,309,0,0,13900,0.057253,0,0,0,0,20680,1184,0.495448
lib12506_C95GDANXX,0,55.283014,0,0,1,1,0,195922,162601,154866,2941,0.003721,0,0.00001,0.003828,0,3544,3544,0,0.435102,3544,65764,21,0,1769,20102,24447,0.718113,0,0,1.109773,0.335664,0.011732,0.102602,0.124779,0.757301,0.015317,0.757298,0.421637,195922,195923,3001,82608,10359,3547,34.2%,604,17.0%,489,62,0,0,2870,0.032449,0,0,0,0,3544,115,0.342118
lib12507_C95GDANXX,0,55.572163,0,0,1,1,0,96430394,87420267,85694603,1573009,0.002679,0,0.000062,0.002756,0,1735304,1735304,0,0.486156,1735304,32499931,6234,0,959278,3766757,8869982,0.990066,0.163622,0.202094,0.759511,0.33703,0.006457,0.039062,0.091983,0.855398,0.013559,0.855361,0.518368,96430394,96434597,1307460,49986415,1937405,1735307,89.6%,162296,9.4%,170527,21377,0,0,598033,0.430423,0,0,0,0,1735304,746914,0.895685
lib12508_C95GDANXX,0,55.60893,0,0,1,1,0,25556525,21942718,21517096,394569,0.003058,0,0.00003,0.003162,0,459585,459585,0,0.438911,459585,9275457,2220,0,256225,1467041,2691199,0.93087,0.157527,0.181347,0.873863,0.362939,0.00859,0.057404,0.105304,0.821576,0.015718,0.821559,0.458637,25556525,25557030,401687,11721158,549731,459588,83.6%,65017,14.1%,46779,8352,0,0,277305,0.251046,0,0,0,0,459585,115377,0.836018
lib12509_C95GDANXX,0,55.53823,0,0,1,1,0,14586452,12850455,12589004,231377,0.002981,0,0.000055,0.003051,0,262650,262650,0,0.475203,262650,2643870,1108,0,125426,1033969,2035675,2.748782,0,0,1.566946,0.181255,0.008757,0.070886,0.139559,0.744333,0.045224,0.744299,0.563078,14586452,14587116,659659,8213307,388611,262653,67.6%,31274,11.9%,41833,3370,0,0,123457,0.359791,0,0,0,0,262650,94499,0.675869
lib12510_C95GDANXX,0,55.640163,0,0,1,1,0,1041918609,936913613,918996025,16839516,0.002622,0,0.000086,0.00271,0,18727133,18727133,0,0.484069,18727133,346775912,50498,0,10548571,34485085,76940868,1.149953,0.10738,0.103093,0.77806,0.332824,0.004764,0.033098,0.073845,0.875738,0.01732,0.875686,0.542914,1041918609,1041980735,18046263,565672004,19763317,18727136,94.8%,1887618,10.1%,1430998,275707,0,0,6642782,0.756127,0,0,0,0,18727133,14160099,0.947570
lib12511_C95GDANXX,0,55.613598,0,0,1,1,0,1011278613,842463267,824568724,15149720,0.003064,0,0.000047,0.003183,0,18184629,18184629,0,0.436181,18184629,470643474,85242,0,10829516,52723101,76546920,0.875265,0.194916,0.288747,0.58638,0.465394,0.00781,0.052135,0.075693,0.856979,0.015194,0.85695,0.391584,1011278613,1011312643,15365325,396000827,19262207,18184632,94.4%,3034910,16.7%,1141066,401265,0,0,12401058,0.665073,0,0,0,0,18184629,12094098,0.944057
lib12512_C95GDANXX,0,55.638392,0,0,1,1,0,1546429544,1358339986,1331953509,24414484,0.002729,0,0.000061,0.002803,0,27795438,27795438,0,0.444775,27795438,588749700,118778,0,15228972,87326080,183089867,0.966399,0.189075,0.240422,0.601796,0.380716,0.007739,0.056469,0.118395,0.808408,0.016728,0.808374,0.427692,1546429544,1546493478,25869335,661396120,29100976,27795441,95.5%,3380955,12.2%,3317337,386875,0,0,14789306,0.726637,0,0,0,0,27795438,20197205,0.955138
lib12513_C95GDANXX,0,55.565817,0,0,1,1,0,119766049,105987705,103919516,1907189,0.002744,0,0.000051,0.002831,0,2155469,2155469,0,0.446133,2155469,42517738,11971,0,1196964,5716182,13860489,1.012743,0.183541,0.219525,0.723329,0.355007,0.009902,0.047728,0.11573,0.818154,0.01839,0.818124,0.463147,119766049,119770397,2202533,55469292,2562571,2155472,84.1%,248281,11.5%,258065,30626,0,0,958917,0.399748,0,0,0,0,2155469,861644,0.841135
lib12514_C95GDANXX,0,55.358845,0,0,1,1,0,385513,338414,324614,6112,0.003103,0,0.000026,0.003198,0,6964,6964,0,0.455629,6964,122304,32,0,3821,16559,37131,0.873394,0.237157,0.185864,1.047749,0.31725,0.008305,0.042953,0.096316,0.834019,0.026712,0.834006,0.516769,385513,385519,10298,199221,10067,6967,69.2%,853,12.2%,685,88,0,0,3109,0.083573,0,0,0,0,6964,582,0.691765
lib12515_C95GDANXX,0,55.581767,0,0,1,1,0,2794116,2404438,2357088,43264,0.003795,0,0.000018,0.003836,0,50271,50271,0,0.441169,50271,1019714,293,0,25898,221687,363763,0.893043,0.14585,0.17178,0.992185,0.36495,0.011187,0.079341,0.130189,0.779515,0.010956,0.779505,0.414564,2794116,2794151,30612,1158340,61633,50274,81.6%,7008,13.9%,6643,742,0,0,35467,0.076446,0,0,0,0,50271,3843,0.815651
lib12516_C95GDANXX,0,55.596308,0,0,1,1,0,2270974,1944451,1904779,34977,0.003722,0,0.000015,0.003811,0,40848,40848,0,0.435199,40848,758726,205,0,20543,194577,299196,0.926836,0.071489,0.133333,0.964533,0.334097,0.00988,0.08568,0.131748,0.769983,0.012589,0.769975,0.435886,2270974,2270998,28589,989886,60484,40851,67.5%,5872,14.4%,5403,537,0,0,30564,0.084337,0,0,0,0,40848,3445,0.675352
lib12517_C95GDANXX,0,55.545585,0,0,1,1,0,193129,168317,163861,3031,0.003832,0,0.000021,0.003914,0,3477,3477,0,0.444349,3477,71618,16,0,1878,12239,23752,0.890468,0.557707,0.625,1.107568,0.37083,0.008448,0.063372,0.122985,0.79945,0.014193,0.799438,0.42862,193129,193132,2741,82779,8121,3480,42.9%,447,12.8%,433,46,0,0,1994,0.085418,0,0,0,0,3477,297,0.428149
lib12518_C95GDANXX,0,55.622417,0,0,1,1,0,775933129,701945888,689309414,12619960,0.003244,0,0.000086,0.00333,0,13950879,13950879,0,0.479859,13950879,246869324,50141,0,7451552,33007460,100635532,1.013707,0.167788,0.194183,0.717184,0.318158,0.006684,0.042539,0.129696,0.807472,0.020295,0.807421,0.489314,775933129,775981616,15747881,379674629,15151218,13950882,92.1%,1330920,9.5%,1951044,191595,0,0,4826084,0.651877,0,0,0,0,13950879,9094260,0.920776
lib12519_C95GDANXX,0,55.618224,0,0,1,1,0,1360140158,1232667713,1209984899,22164516,0.00344,0,0.000069,0.00359,0,24456098,24456098,0,0.474987,24456098,525583223,58713,0,14048592,38509656,104336666,1.051694,0.097463,0.115661,0.68896,0.386418,0.004162,0.028313,0.07671,0.881331,0.013647,0.881289,0.494913,1360140158,1360204745,18561174,673150824,25544996,24456101,95.7%,2291583,9.4%,1987645,548672,0,0,7705362,0.751017,0,0,0,0,24456098,18366934,0.957373
lib12520_C95GDANXX,0,55.648829,0,0,1,1,0,1334370885,1215891074,1194343113,21849804,0.003206,0,0.000068,0.003304,0,23979533,23979533,0,0.475124,23979533,518106488,95301,0,13059094,58667398,140899613,0.919003,0.203077,0.255703,0.582238,0.388278,0.007245,0.043966,0.105593,0.834655,0.015788,0.834616,0.446377,1334370885,1334432937,21066813,595632225,25030182,23979536,95.8%,2129730,8.9%,2812886,316078,0,0,8105471,0.698191,0,0,0,0,23979533,16742296,0.958025
lib12521_C95GDANXX,0,55.559813,0,0,1,1,0,271245476,247496421,243046679,4454305,0.003079,0,0.000074,0.003159,0,4882314,4882314,0,0.478556,4882314,90221511,23420,0,2604025,14111266,29452176,0.99631,0.181233,0.199764,0.710833,0.332619,0.008914,0.052024,0.108581,0.819395,0.020002,0.819349,0.486775,271245476,271260453,5425556,132035553,5255061,4882317,92.9%,428010,8.8%,629785,54875,0,0,1643377,0.555447,0,0,0,0,4882314,2711866,0.929069
lib12522_C95GDANXX,0,55.628155,0,0,1,1,0,1275926,1088929,1070738,19576,0.003319,0,0.000017,0.003395,0,22937,22937,0,0.437241,22937,446233,115,0,10917,114710,218312,0.851007,0.168943,0.324491,0.947406,0.349733,0.010424,0.089903,0.171101,0.725348,0.013647,0.725339,0.375616,1275926,1275943,17413,479258,40893,22940,56.1%,3362,14.7%,3807,266,0,0,18281,0.042726,0,0,0,0,22937,980,0.560903
lib12523_C95GDANXX,0,55.595265,0,0,1,1,0,6429853,5630109,5526566,101272,0.003505,0,0.000023,0.003597,0,115656,115656,0,0.434902,115656,2652770,647,0,64095,338187,692206,0.869551,0.209589,0.259045,0.944797,0.412571,0.009994,0.052596,0.107655,0.822629,0.01712,0.822619,0.410058,6429853,6429926,110081,2636611,142930,115659,80.9%,14385,12.4%,12453,1675,0,0,60738,0.144238,0,0,0,0,115656,16682,0.809179
lib12524_C95GDANXX,0,55.645507,0,0,1,1,0,334415506,283616126,278612911,5096700,0.003981,0,0.000071,0.00413,0,6009976,6009976,0,0.36998,6009976,139092046,62469,0,3371815,17496926,37093944,1.050674,0.190271,0.187448,0.699426,0.415926,0.01819,0.052321,0.110922,0.802499,0.034261,0.802469,0.386574,334415506,334428159,11457362,129276179,6906370,6009979,87.0%,913277,15.2%,641132,95024,0,0,3384978,0.568629,0,0,0,0,6009976,3417449,0.870208
lib12525_C95GDANXX,0,55.639304,0,0,1,1,0,1038535456,928461916,911751544,16687733,0.003487,0,0.000068,0.003594,0,18666312,18666312,0,0.455172,18666312,413237498,86189,0,10060305,47459707,127090249,0.900064,0.23025,0.281682,0.597161,0.397904,0.008494,0.045699,0.122374,0.817274,0.014654,0.817238,0.41937,1038535456,1038580605,15219016,435530170,19638288,18666315,95.1%,1978580,10.6%,2373163,284619,0,0,7704969,0.675258,0,0,0,0,18666312,12604581,0.950506
lib12526_C95GDANXX,0,55.62216,0,0,1,1,0,891644485,764728105,750194669,13749833,0.003641,0,0.00006,0.003717,0,16030951,16030951,0,0.445707,16030951,341361335,60647,0,8755746,65708890,73013622,1.077717,0.116468,0.123732,0.677988,0.382845,0.006879,0.073694,0.081886,0.825541,0.018879,0.825512,0.442697,891644485,891676115,16833756,394728009,17180241,16030954,93.3%,2281119,14.2%,1296792,266708,0,0,11034346,0.698328,0,0,0,0,16030951,11194862,0.933104
lib12527_C95GDANXX,0,55.63004,0,0,1,1,0,753349258,650146175,637781285,11687584,0.003327,0,0.000072,0.00339,0,13542796,13542796,0,0.447634,13542796,246108028,52072,0,6868801,60731389,88864182,1.059503,0.175965,0.184468,0.681843,0.326685,0.007524,0.080615,0.117959,0.78556,0.015867,0.785521,0.458875,753349258,753386277,11953760,345692843,14591426,13542799,92.8%,1855213,13.7%,1612847,177470,0,0,9366414,0.707068,0,0,0,0,13542796,9575673,0.928134
lib12528_C95GDANXX,0,55.624436,0,0,1,1,0,866783430,717808424,704391623,12906283,0.003586,0,0.000091,0.003678,0,15583727,15583727,0,0.454115,15583727,184711676,51465,0,7857158,76285900,94302058,2.475925,0.016463,0.006771,1.307571,0.2131,0.006507,0.08801,0.108795,0.781518,0.021678,0.78147,0.568418,866783430,866836027,18789740,492695025,17321710,15583730,90.0%,2677445,17.2%,1533952,264232,0,0,13209936,0.861059,0,0,0,0,15583727,13418516,0.899664
lib12529_C95GDANXX,0,55.642386,0,0,1,1,0,1102333444,1012566553,994655261,18198136,0.003337,0,0.00006,0.003444,0,19811808,19811808,0,0.491083,19811808,443960585,64337,0,10950573,40887435,138250364,0.889707,0.223457,0.282574,0.575961,0.402746,0.005841,0.037092,0.125416,0.829174,0.008318,0.829142,0.426428,1102333444,1102376263,9169521,470066069,20681002,19811811,95.8%,1613673,8.1%,2715762,267255,0,0,5816693,0.645408,0,0,0,0,19811808,12786701,0.957971
lib12530_C95GDANXX,0,55.64881,0,0,1,1,0,623108286,565750184,555654456,10166713,0.003463,0,0.000072,0.00355,0,11197679,11197679,0,0.483581,11197679,217078487,40677,0,6085906,29081816,72008166,0.986268,0.159731,0.189462,0.660062,0.34838,0.006639,0.046672,0.115563,0.825455,0.012311,0.825416,0.477075,623108286,623137507,7671218,297269178,11759192,11197682,95.2%,1030967,9.2%,1430837,141742,0,0,4053491,0.622394,0,0,0,0,11197679,6969369,0.952249
lib12531_C95GDANXX,0,55.530682,0,0,1,1,0,53063645,46670207,45802638,840351,0.003226,0,0.000065,0.003322,0,955619,955619,0,0.477815,955619,15112445,3281,0,543012,2164159,3809409,1.418475,0.066521,0.061408,0.991483,0.284798,0.006006,0.040784,0.071789,0.865537,0.021892,0.865495,0.580738,53063645,53066175,1161674,30816088,1142975,955622,83.6%,115269,12.1%,69790,13342,0,0,423081,0.452491,0,0,0,0,955619,432409,0.836080
lib12532_C95GDANXX,0,55.604145,0,0,1,1,0,9009091,7009282,6880208,126058,0.003965,0,0.000036,0.003928,0,162024,162024,0,0.381826,162024,3310971,1106,0,81271,1123971,1110227,0.858217,0.185752,0.282476,0.975938,0.367514,0.013426,0.12476,0.123234,0.729947,0.02206,0.729937,0.362432,9009091,9009206,198742,3265186,227177,162027,71.3%,35967,22.2%,15777,2352,0,0,207170,0.189281,0,0,0,0,162024,30668,0.713206
lib12533_C95GDANXX,0,55.603618,0,0,1,1,0,3347099,2817429,2767433,50669,0.003557,0,0.000033,0.003597,0,60197,60197,0,0.436417,60197,1123184,275,0,30691,280222,427346,0.831732,0.115643,0.152174,1.014388,0.335569,0.008881,0.083721,0.127677,0.772926,0.015676,0.77291,0.437357,3347099,3347171,52470,1463877,79231,60200,76.0%,9529,15.8%,7175,789,0,0,49198,0.115986,0,0,0,0,60197,6982,0.759766
lib12534_C95GDANXX,0,55.630743,0,0,1,1,0,1236006442,1109060450,1089202042,19936471,0.003571,0,0.000056,0.003705,0,22218736,22218736,0,0.447644,22218736,609966431,106383,0,13184336,37345318,90615981,0.862579,0.183871,0.268162,0.578095,0.493498,0.008004,0.030215,0.073314,0.882402,0.014071,0.882375,0.388904,1236006442,1236044803,17391493,480688428,23580605,22218739,94.2%,2282266,10.3%,1572984,468141,0,0,7928470,0.655837,0,0,0,0,22218736,14571873,0.942246
lib12535_C95GDANXX,0,55.630521,0,0,1,1,0,1220781388,1102252043,1081557521,19814591,0.003246,0,0.000059,0.003344,0,21945393,21945393,0,0.479702,21945393,508362689,58517,0,12606438,43712566,94892302,0.951521,0.138873,0.178585,0.609866,0.416424,0.00462,0.035807,0.077731,0.873398,0.013065,0.873361,0.456974,1220781388,1220833654,15949189,557865703,22950920,21945396,95.6%,2130803,9.7%,1768350,391380,0,0,7888358,0.700194,0,0,0,0,21945393,15366037,0.956188
lib12536_C95GDANXX,0,55.626138,0,0,1,1,0,1251107261,1100211956,1079987496,19779842,0.003385,0,0.000056,0.00349,0,22492134,22492134,0,0.476388,22492134,488653542,78187,0,12963289,57605189,84596383,1.056047,0.129188,0.127314,0.656001,0.390577,0.005995,0.046043,0.067617,0.867569,0.018771,0.867539,0.476992,1251107261,1251150543,23485104,596768236,23536702,22492137,95.6%,2712293,12.1%,1516204,462506,0,0,10988901,0.735578,0,0,0,0,22492134,16544711,0.955620
